account_id,churn_probability,churn_probability_percent,risk_level,health_score,action_priority,recommended_action,industry,country,signup_date,referral_source,initial_plan_tier,initial_seats,churn_flag,subscription_count,ever_upgraded,ever_downgraded,latest_plan_tier,latest_seats,latest_mrr,latest_is_trial,latest_billing_frequency,latest_auto_renew,usage_event_count,total_usage_count,total_usage_duration_secs,total_errors,unique_features_used,active_usage_days,last_usage_date,beta_usage_events,errors_per_100_usage,average_duration_per_event,average_usage_per_event,days_since_last_usage,ticket_count,average_first_response_minutes,average_resolution_hours,average_satisfaction_score,escalation_count,last_support_ticket_date,has_support_tickets,customer_tenure_days,seat_change,plan_changed,days_since_last_support_ticket,has_satisfaction_score,top_risk_signals
A-019782,0.9055373275201073,90.6,High,9.4,Priority 1 - Review,"Prioritise Customer Success review and investigate usage, subscription and support signals.",DevTools,FR,2023-04-19,event,Enterprise,11,0,9,1,0,Enterprise,15,0,1,annual,0,55,562,160848,30,28,55,2024-12-20,3,5.338078291814947,2924.509090909091,10.21818181818182,11,2.0,107.0,10.0,3.0,0.0,2024-12-01,1,622,4,0,30.0,1,"['categorical__industry_DevTools', 'categorical__country_FR', 'categorical__referral_source_event']"
A-5a184f,0.8887138833101871,88.9,High,11.1,Priority 1 - Review,"Prioritise Customer Success review and investigate usage, subscription and support signals.",DevTools,DE,2023-06-19,other,Enterprise,1,1,10,0,1,Basic,36,684,0,annual,1,57,587,175629,29,30,55,2024-12-10,2,4.940374787052811,3081.2105263157896,10.298245614035087,21,3.0,42.333333333333336,15.333333333333334,4.333333333333333,0.0,2024-04-13,1,561,35,1,262.0,1,"['categorical__country_DE', 'categorical__industry_DevTools', 'numeric__average_first_response_minutes']"
A-1ac5e0,0.8826996633920009,88.3,High,11.7,Priority 1 - Review,"Prioritise Customer Success review and investigate usage, subscription and support signals.",DevTools,US,2024-10-20,event,Basic,33,1,10,0,0,Enterprise,33,0,1,monthly,0,56,558,167904,31,31,52,2024-12-11,7,5.555555555555555,2998.285714285714,9.964285714285714,20,7.0,76.0,40.42857142857143,3.8,0.0,2024-09-03,1,72,0,1,119.0,1,"['categorical__industry_DevTools', 'categorical__referral_source_event', 'categorical__latest_plan_tier_Enterprise']"
A-3c1a3f,0.8804064885279432,88.0,High,12.0,Priority 1 - Review,"Prioritise Customer Success review and investigate usage, subscription and support signals.",DevTools,UK,2023-08-26,event,Pro,1,0,12,0,1,Basic,7,133,0,annual,0,51,497,172341,22,31,49,2024-12-20,5,4.426559356136821,3379.235294117647,9.745098039215684,11,4.0,56.5,33.25,3.5,0.0,2024-03-09,1,493,6,1,297.0,1,"['categorical__industry_DevTools', 'categorical__referral_source_event', 'numeric__latest_auto_renew']"
A-32fb14,0.8783057458902123,87.8,High,12.2,Priority 1 - Review,"Prioritise Customer Success review and investigate usage, subscription and support signals.",DevTools,US,2023-03-07,event,Enterprise,26,1,9,1,0,Enterprise,26,5174,0,annual,1,47,488,150708,19,27,44,2024-12-25,2,3.89344262295082,3206.553191489362,10.382978723404255,6,5.0,59.6,34.0,4.5,0.0,2024-09-05,1,665,0,0,117.0,1,"['categorical__industry_DevTools', 'categorical__referral_source_event', 'numeric__errors_per_100_usage']"
A-271f46,0.8682189383572659,86.8,High,13.2,Priority 1 - Review,"Prioritise Customer Success review and investigate usage, subscription and support signals.",DevTools,US,2023-02-09,event,Pro,38,1,8,0,0,Enterprise,46,9154,0,monthly,1,38,373,114563,16,25,37,2024-12-20,1,4.289544235924933,3014.815789473684,9.81578947368421,11,1.0,79.0,36.0,,0.0,2023-02-09,1,691,8,1,691.0,0,"['categorical__industry_DevTools', 'categorical__referral_source_event', 'categorical__latest_plan_tier_Enterprise']"
A-d922bf,0.8505580666922072,85.1,High,14.9,Priority 1 - Review,"Prioritise Customer Success review and investigate usage, subscription and support signals.",HealthTech,US,2023-09-08,ads,Basic,5,1,7,0,0,Enterprise,9,1791,0,annual,1,41,419,134119,19,24,40,2024-12-21,3,4.534606205250596,3271.19512195122,10.21951219512195,10,7.0,101.14285714285714,39.142857142857146,3.333333333333333,1.0,2024-07-16,1,480,4,1,168.0,1,"['categorical__latest_plan_tier_Enterprise', 'numeric__subscription_count', 'categorical__country_US']"
A-6c093d,0.8447606952133692,84.5,High,15.5,Priority 1 - Review,"Prioritise Customer Success review and investigate usage, subscription and support signals.",DevTools,US,2023-04-14,partner,Basic,7,0,12,1,0,Enterprise,7,0,1,annual,1,64,670,217275,30,30,63,2024-12-30,10,4.477611940298507,3394.921875,10.46875,1,3.0,68.33333333333333,40.333333333333336,5.0,1.0,2024-07-11,1,627,0,1,173.0,1,"['categorical__industry_DevTools', 'numeric__active_usage_days', 'categorical__latest_plan_tier_Enterprise']"
A-cd458b,0.8388849704897648,83.9,High,16.1,Priority 1 - Review,"Prioritise Customer Success review and investigate usage, subscription and support signals.",DevTools,US,2024-06-15,other,Basic,10,0,15,0,1,Enterprise,10,1990,0,monthly,1,84,864,266624,45,34,81,2024-12-31,2,5.208333333333334,3174.095238095238,10.285714285714286,0,5.0,81.2,38.4,4.6,0.0,2024-12-02,1,199,0,1,29.0,1,"['numeric__active_usage_days', 'categorical__industry_DevTools', 'numeric__unique_features_used']"
A-7f4db3,0.8386626779096339,83.9,High,16.1,Priority 1 - Review,"Prioritise Customer Success review and investigate usage, subscription and support signals.",FinTech,US,2023-03-05,other,Pro,4,0,15,0,1,Enterprise,24,4776,0,annual,1,90,844,278000,46,36,88,2024-12-20,6,5.450236966824645,3088.8888888888887,9.377777777777778,11,5.0,91.4,16.6,3.25,1.0,2024-08-09,1,667,20,1,144.0,1,"['numeric__active_usage_days', 'numeric__unique_features_used', 'categorical__latest_plan_tier_Enterprise']"
A-32728c,0.8299007131588813,83.0,High,17.0,Priority 1 - Review,"Prioritise Customer Success review and investigate usage, subscription and support signals.",DevTools,US,2023-01-03,event,Pro,20,1,8,1,0,Basic,42,798,0,annual,1,41,418,115325,22,26,38,2024-12-14,6,5.263157894736842,2812.8048780487807,10.195121951219512,17,2.0,61.5,34.5,3.5,0.0,2023-03-11,1,728,22,1,661.0,1,"['categorical__industry_DevTools', 'categorical__referral_source_event', 'categorical__country_US']"
A-712f1c,0.8285484818258027,82.9,High,17.1,Priority 1 - Review,"Prioritise Customer Success review and investigate usage, subscription and support signals.",DevTools,US,2023-12-16,ads,Basic,17,1,12,1,0,Pro,17,833,0,annual,1,68,631,181302,34,32,67,2024-12-29,5,5.388272583201268,2666.205882352941,9.279411764705882,2,6.0,88.83333333333333,41.66666666666666,4.0,0.0,2024-08-09,1,381,0,1,144.0,1,"['categorical__industry_DevTools', 'numeric__active_usage_days', 'numeric__unique_features_used']"
A-7df7a7,0.8217596131164989,82.2,High,17.8,Priority 1 - Review,"Prioritise Customer Success review and investigate usage, subscription and support signals.",DevTools,US,2023-01-28,organic,Basic,7,1,15,0,1,Enterprise,30,5970,0,annual,1,91,922,256811,47,36,86,2024-12-19,10,5.097613882863341,2822.098901098901,10.131868131868131,12,3.0,93.0,28.0,4.0,1.0,2024-03-19,1,703,23,1,287.0,1,"['numeric__active_usage_days', 'numeric__unique_features_used', 'categorical__industry_DevTools']"
A-4c38bc,0.8190372092878286,81.9,High,18.1,Priority 1 - Review,"Prioritise Customer Success review and investigate usage, subscription and support signals.",HealthTech,UK,2024-03-09,event,Basic,36,1,16,1,0,Pro,36,1764,0,annual,1,81,818,271358,27,37,76,2024-12-29,10,3.3007334963325183,3350.098765432099,10.098765432098766,2,3.0,43.0,48.333333333333336,3.5,0.0,2024-07-27,1,297,0,1,157.0,1,"['numeric__unique_features_used', 'numeric__active_usage_days', 'numeric__errors_per_100_usage']"
A-e2cd1b,0.8166314059990266,81.7,High,18.3,Priority 1 - Review,"Prioritise Customer Success review and investigate usage, subscription and support signals.",DevTools,US,2024-02-04,other,Enterprise,15,0,9,1,0,Enterprise,16,3184,0,annual,1,49,465,138043,18,29,48,2024-12-25,7,3.870967741935484,2817.204081632653,9.489795918367347,6,5.0,76.0,37.8,4.0,0.0,2024-07-03,1,331,1,0,181.0,1,"['categorical__industry_DevTools', 'numeric__errors_per_100_usage', 'categorical__latest_plan_tier_Enterprise']"
A-f17767,0.813165933667687,81.3,High,18.7,Priority 1 - Review,"Prioritise Customer Success review and investigate usage, subscription and support signals.",DevTools,US,2023-01-30,event,Enterprise,1,1,14,1,1,Pro,15,735,0,annual,1,69,713,208977,38,35,67,2024-12-25,4,5.329593267882188,3028.6521739130435,10.333333333333334,6,3.0,115.0,36.333333333333336,4.0,1.0,2024-01-28,1,701,14,1,338.0,1,"['categorical__industry_DevTools', 'numeric__unique_features_used', 'categorical__referral_source_event']"
A-ccc747,0.8057113035978004,80.6,High,19.4,Priority 1 - Review,"Prioritise Customer Success review and investigate usage, subscription and support signals.",HealthTech,FR,2024-01-12,event,Pro,16,1,6,1,0,Basic,16,304,0,annual,1,30,284,89582,13,23,30,2024-12-08,3,4.577464788732395,2986.0666666666666,9.466666666666669,23,4.0,83.25,32.25,5.0,1.0,2024-08-05,1,354,0,1,148.0,1,"['categorical__country_FR', 'categorical__referral_source_event', 'numeric__subscription_count']"
A-4bfa33,0.8023855777553985,80.2,High,19.8,Priority 1 - Review,"Prioritise Customer Success review and investigate usage, subscription and support signals.",Cybersecurity,US,2024-12-07,event,Basic,8,0,7,0,0,Enterprise,8,0,1,annual,1,36,329,78244,17,23,34,2024-12-26,6,5.167173252279635,2173.4444444444443,9.13888888888889,5,4.0,84.75,16.5,3.6666666666666665,0.0,2024-06-29,1,24,0,1,185.0,1,"['categorical__referral_source_event', 'categorical__latest_plan_tier_Enterprise', 'numeric__subscription_count']"
A-0f3e88,0.8018096311403901,80.2,High,19.8,Priority 1 - Review,"Prioritise Customer Success review and investigate usage, subscription and support signals.",HealthTech,US,2023-07-23,other,Basic,7,1,11,1,0,Pro,7,343,0,monthly,0,59,598,176630,28,32,58,2024-12-29,6,4.682274247491638,2993.728813559322,10.135593220338984,2,3.0,67.0,48.0,4.5,0.0,2024-10-17,1,527,0,1,75.0,1,"['numeric__latest_auto_renew', 'numeric__unique_features_used', 'categorical__country_US']"
A-08e34e,0.7907871958092199,79.1,High,20.9,Priority 1 - Review,"Prioritise Customer Success review and investigate usage, subscription and support signals.",EdTech,US,2024-06-27,event,Basic,14,1,11,0,0,Enterprise,14,2786,0,monthly,1,63,651,186929,32,34,61,2024-12-30,7,4.915514592933948,2967.126984126984,10.333333333333334,1,3.0,84.0,43.0,3.0,0.0,2024-07-15,1,187,0,1,169.0,1,"['categorical__referral_source_event', 'numeric__unique_features_used', 'categorical__latest_plan_tier_Enterprise']"
A-aa9511,0.7882320562778792,78.8,High,21.2,Priority 1 - Review,"Prioritise Customer Success review and investigate usage, subscription and support signals.",DevTools,US,2023-10-10,other,Pro,23,0,15,0,1,Enterprise,30,5970,0,monthly,0,65,625,189526,35,33,63,2024-12-31,5,5.6000000000000005,2915.784615384616,9.615384615384617,0,2.0,98.5,56.5,4.0,0.0,2023-08-09,1,448,7,1,510.0,1,"['categorical__industry_DevTools', 'numeric__unique_features_used', 'numeric__active_usage_days']"
A-05d3b3,0.7862614357120293,78.6,High,21.4,Priority 1 - Review,"Prioritise Customer Success review and investigate usage, subscription and support signals.",DevTools,AU,2023-05-28,ads,Basic,9,0,13,0,0,Enterprise,19,3781,0,annual,1,64,642,193363,22,32,62,2024-12-18,4,3.4267912772585665,3021.296875,10.03125,13,6.0,48.333333333333336,31.5,4.333333333333333,0.0,2024-11-03,1,583,10,1,58.0,1,"['categorical__industry_DevTools', 'numeric__errors_per_100_usage', 'categorical__latest_plan_tier_Enterprise']"
A-02cd81,0.7848900155886863,78.5,High,21.5,Priority 1 - Review,"Prioritise Customer Success review and investigate usage, subscription and support signals.",HealthTech,IN,2024-03-28,other,Basic,44,0,14,0,0,Pro,44,2156,0,annual,1,72,684,219304,28,31,68,2024-12-26,5,4.093567251461988,3045.8888888888887,9.5,5,3.0,84.66666666666667,17.333333333333332,4.5,1.0,2024-07-10,1,278,0,1,174.0,1,"['numeric__active_usage_days', 'numeric__errors_per_100_usage', 'numeric__unique_features_used']"
A-dcc3f1,0.7841633105219927,78.4,High,21.6,Priority 1 - Review,"Prioritise Customer Success review and investigate usage, subscription and support signals.",HealthTech,US,2023-12-27,event,Pro,21,0,8,0,1,Basic,21,399,0,annual,0,48,500,137958,32,31,47,2024-12-24,6,6.4,2874.125,10.416666666666666,7,9.0,83.44444444444444,35.666666666666664,3.8,0.0,2024-08-31,1,370,0,1,122.0,1,"['categorical__referral_source_event', 'numeric__latest_auto_renew', 'categorical__country_US']"
A-e6afc1,0.7829142316586785,78.3,High,21.7,Priority 1 - Review,"Prioritise Customer Success review and investigate usage, subscription and support signals.",DevTools,US,2023-02-24,ads,Pro,1,0,11,0,0,Pro,9,0,1,monthly,0,71,679,196287,30,32,67,2024-12-16,6,4.418262150220913,2764.605633802817,9.56338028169014,15,0.0,,,,0.0,,0,676,8,0,,0,"['numeric__has_support_tickets', 'categorical__industry_DevTools', 'numeric__active_usage_days']"
A-249769,0.7824602514944399,78.2,High,21.8,Priority 1 - Review,"Prioritise Customer Success review and investigate usage, subscription and support signals.",Cybersecurity,US,2024-04-25,event,Enterprise,4,1,13,0,0,Basic,7,133,0,annual,1,68,678,193777,30,31,65,2024-12-30,3,4.424778761061947,2849.6617647058824,9.970588235294118,1,2.0,96.5,39.5,4.0,0.0,2024-10-12,1,250,3,1,80.0,1,"['categorical__referral_source_event', 'numeric__active_usage_days', 'numeric__errors_per_100_usage']"
A-f19409,0.7807057269020771,78.1,High,21.9,Priority 1 - Review,"Prioritise Customer Success review and investigate usage, subscription and support signals.",DevTools,US,2023-03-16,other,Basic,23,1,12,1,0,Basic,35,665,0,annual,0,62,659,209812,31,33,59,2024-12-27,12,4.704097116843703,3384.064516129032,10.629032258064516,4,3.0,103.33333333333331,6.333333333333333,4.0,0.0,2024-11-12,1,656,12,0,49.0,1,"['categorical__industry_DevTools', 'numeric__unique_features_used', 'numeric__latest_auto_renew']"
A-2bc93d,0.7793746952394933,77.9,High,22.1,Priority 1 - Review,"Prioritise Customer Success review and investigate usage, subscription and support signals.",HealthTech,US,2023-03-14,event,Basic,14,0,13,1,0,Pro,35,1715,0,monthly,1,67,666,215735,31,33,62,2024-12-07,5,4.654654654654655,3219.9253731343283,9.940298507462687,24,2.0,78.0,12.0,4.5,0.0,2024-11-23,1,658,21,1,38.0,1,"['categorical__referral_source_event', 'numeric__unique_features_used', 'numeric__active_usage_days']"
A-2922b6,0.7735224785347723,77.4,High,22.6,Priority 1 - Review,"Prioritise Customer Success review and investigate usage, subscription and support signals.",HealthTech,US,2024-11-14,organic,Basic,15,0,6,1,0,Pro,20,980,0,annual,0,37,393,117237,13,27,36,2024-12-18,2,3.307888040712468,3168.5675675675675,10.62162162162162,13,2.0,103.0,15.5,4.0,0.0,2024-11-13,1,47,5,1,48.0,1,"['numeric__errors_per_100_usage', 'numeric__subscription_count', 'numeric__latest_auto_renew']"
A-3b5cd1,0.7719926063704938,77.2,High,22.8,Priority 1 - Review,"Prioritise Customer Success review and investigate usage, subscription and support signals.",FinTech,US,2023-09-12,event,Basic,13,0,13,1,1,Enterprise,21,4179,0,annual,1,52,523,177958,24,27,48,2024-12-21,5,4.588910133843212,3422.269230769231,10.057692307692308,10,5.0,46.6,27.4,4.0,0.0,2024-12-21,1,476,8,1,10.0,1,"['categorical__referral_source_event', 'categorical__latest_plan_tier_Enterprise', 'categorical__country_US']"
A-00bed1,0.771824492668349,77.2,High,22.8,Priority 1 - Review,"Prioritise Customer Success review and investigate usage, subscription and support signals.",Cybersecurity,US,2023-11-14,ads,Basic,28,0,10,1,0,Enterprise,28,5572,0,annual,0,51,514,143734,27,32,49,2024-12-14,2,5.252918287937743,2818.313725490196,10.07843137254902,17,4.0,106.25,31.75,4.0,0.0,2024-05-16,1,413,0,1,229.0,1,"['categorical__latest_plan_tier_Enterprise', 'numeric__latest_auto_renew', 'numeric__unique_features_used']"
A-7a0d69,0.771131143251835,77.1,High,22.9,Priority 1 - Review,"Prioritise Customer Success review and investigate usage, subscription and support signals.",DevTools,DE,2024-06-15,ads,Enterprise,4,1,11,1,0,Enterprise,16,3184,0,monthly,1,61,606,179167,31,31,60,2024-12-23,5,5.115511551155116,2937.1639344262294,9.934426229508198,8,2.0,52.5,29.0,5.0,0.0,2024-07-04,1,199,12,0,180.0,1,"['categorical__country_DE', 'categorical__industry_DevTools', 'categorical__latest_plan_tier_Enterprise']"
A-794a0b,0.7682730962222187,76.8,High,23.2,Priority 1 - Review,"Prioritise Customer Success review and investigate usage, subscription and support signals.",HealthTech,DE,2023-06-02,organic,Basic,23,0,7,0,0,Enterprise,31,6169,0,monthly,1,38,347,94200,31,28,36,2024-12-20,1,8.93371757925072,2478.9473684210525,9.13157894736842,11,0.0,,,,0.0,,0,578,8,1,,0,"['numeric__has_support_tickets', 'categorical__country_DE', 'categorical__latest_plan_tier_Enterprise']"
A-f446b6,0.7676997736693589,76.8,High,23.2,Priority 1 - Review,"Prioritise Customer Success review and investigate usage, subscription and support signals.",DevTools,DE,2023-05-12,ads,Pro,5,0,9,0,0,Basic,5,95,0,annual,1,39,376,127515,31,27,39,2024-12-14,3,8.24468085106383,3269.6153846153848,9.64102564102564,17,8.0,82.5,30.75,4.25,1.0,2024-11-25,1,599,0,1,36.0,1,"['categorical__country_DE', 'categorical__industry_DevTools', 'numeric__plan_changed']"
A-96e141,0.7658089465393341,76.6,High,23.4,Priority 1 - Review,"Prioritise Customer Success review and investigate usage, subscription and support signals.",DevTools,UK,2023-08-12,partner,Basic,14,0,7,0,0,Enterprise,25,4975,0,monthly,1,36,346,81587,19,26,36,2024-12-17,2,5.491329479768786,2266.305555555556,9.61111111111111,14,5.0,68.4,32.8,4.333333333333333,0.0,2024-04-15,1,507,11,1,260.0,1,"['categorical__industry_DevTools', 'categorical__latest_plan_tier_Enterprise', 'numeric__subscription_count']"
A-55f257,0.7649770667388942,76.5,High,23.5,Priority 1 - Review,"Prioritise Customer Success review and investigate usage, subscription and support signals.",FinTech,US,2023-12-21,organic,Basic,9,0,10,1,0,Enterprise,21,4179,0,monthly,0,53,476,145972,25,31,50,2024-12-31,6,5.2521008403361344,2754.188679245283,8.981132075471699,0,6.0,114.5,43.16666666666666,5.0,0.0,2024-07-12,1,376,12,1,172.0,1,"['categorical__latest_plan_tier_Enterprise', 'numeric__days_since_last_usage', 'numeric__latest_auto_renew']"
A-72799b,0.764729114237018,76.5,High,23.5,Priority 1 - Review,"Prioritise Customer Success review and investigate usage, subscription and support signals.",DevTools,FR,2023-11-13,event,Enterprise,20,1,10,1,1,Pro,61,2989,0,annual,1,56,550,154998,34,31,55,2024-12-27,10,6.181818181818182,2767.8214285714284,9.821428571428571,4,2.0,80.0,33.5,4.5,1.0,2024-09-06,1,414,41,1,116.0,1,"['categorical__industry_DevTools', 'categorical__country_FR', 'categorical__referral_source_event']"
A-19b2c8,0.763039551528843,76.3,High,23.7,Priority 1 - Review,"Prioritise Customer Success review and investigate usage, subscription and support signals.",DevTools,IN,2023-06-06,other,Pro,20,0,13,1,0,Enterprise,20,3980,0,monthly,1,63,601,188401,34,31,62,2024-12-30,4,5.657237936772046,2990.492063492064,9.53968253968254,1,3.0,90.0,29.33333333333333,4.666666666666667,0.0,2024-09-05,1,574,0,1,117.0,1,"['categorical__industry_DevTools', 'categorical__latest_plan_tier_Enterprise', 'numeric__active_usage_days']"
A-e7a1e2,0.7582694909616899,75.8,High,24.2,Priority 1 - Review,"Prioritise Customer Success review and investigate usage, subscription and support signals.",Cybersecurity,US,2024-06-23,event,Enterprise,3,0,12,0,0,Enterprise,44,8756,0,annual,1,68,703,220928,36,36,67,2024-12-21,3,5.120910384068279,3248.9411764705883,10.338235294117649,10,1.0,37.0,45.0,4.0,0.0,2024-03-31,1,191,41,0,275.0,1,"['numeric__unique_features_used', 'categorical__referral_source_event', 'numeric__active_usage_days']"
A-ac9111,0.7534905118124079,75.3,High,24.7,Priority 1 - Review,"Prioritise Customer Success review and investigate usage, subscription and support signals.",HealthTech,US,2023-08-12,event,Pro,21,0,16,0,1,Enterprise,21,4179,0,monthly,1,83,808,254330,46,36,77,2024-12-27,10,5.693069306930694,3064.21686746988,9.734939759036145,4,3.0,89.66666666666667,24.666666666666668,5.0,0.0,2024-05-05,1,507,0,1,240.0,1,"['numeric__active_usage_days', 'numeric__unique_features_used', 'categorical__referral_source_event']"
A-afa505,0.7505838443385615,75.1,High,24.9,Priority 1 - Review,"Prioritise Customer Success review and investigate usage, subscription and support signals.",DevTools,US,2023-12-27,partner,Basic,70,0,9,1,1,Enterprise,70,13930,0,monthly,0,51,507,162673,28,33,48,2024-12-30,8,5.522682445759369,3189.6666666666665,9.941176470588236,1,4.0,88.25,37.25,3.0,1.0,2024-09-25,1,370,0,1,97.0,1,"['categorical__industry_DevTools', 'numeric__unique_features_used', 'categorical__latest_plan_tier_Enterprise']"
A-832ec2,0.7503201141437371,75.0,High,25.0,Priority 1 - Review,"Prioritise Customer Success review and investigate usage, subscription and support signals.",FinTech,UK,2023-11-19,event,Enterprise,4,0,8,1,0,Enterprise,22,4378,0,annual,0,49,511,157711,25,31,46,2024-12-23,6,4.892367906066536,3218.591836734694,10.428571428571429,8,3.0,108.66666666666669,26.0,4.0,1.0,2024-07-24,1,408,18,0,160.0,1,"['categorical__referral_source_event', 'categorical__latest_plan_tier_Enterprise', 'numeric__latest_auto_renew']"
A-88c6ca,0.7447088835957114,74.5,High,25.5,Priority 1 - Review,"Prioritise Customer Success review and investigate usage, subscription and support signals.",FinTech,DE,2024-10-25,ads,Basic,5,1,7,0,0,Pro,23,1127,0,annual,1,43,446,130195,19,27,41,2024-12-27,8,4.260089686098654,3027.7906976744184,10.372093023255816,4,1.0,12.0,56.0,,0.0,2023-02-26,1,67,18,1,674.0,0,"['categorical__country_DE', 'numeric__average_first_response_minutes', 'numeric__errors_per_100_usage']"
A-544d0a,0.7442701495582925,74.4,High,25.6,Priority 1 - Review,"Prioritise Customer Success review and investigate usage, subscription and support signals.",DevTools,US,2024-05-02,organic,Basic,2,0,10,1,1,Enterprise,2,398,0,annual,0,47,510,152826,22,27,45,2024-12-18,7,4.313725490196078,3251.617021276596,10.851063829787234,13,2.0,98.0,38.5,4.0,1.0,2024-04-19,1,243,0,1,256.0,1,"['categorical__industry_DevTools', 'categorical__latest_plan_tier_Enterprise', 'numeric__errors_per_100_usage']"
A-db5e9e,0.741146708043917,74.1,High,25.9,Priority 1 - Review,"Prioritise Customer Success review and investigate usage, subscription and support signals.",DevTools,US,2024-11-09,partner,Basic,4,0,8,0,1,Enterprise,17,3383,0,annual,1,57,586,170855,27,29,54,2024-12-31,7,4.607508532423208,2997.4561403508774,10.280701754385966,0,2.0,97.5,66.0,5.0,0.0,2024-06-25,1,52,13,1,189.0,1,"['categorical__industry_DevTools', 'categorical__latest_plan_tier_Enterprise', 'numeric__days_since_last_usage']"
A-10b8f2,0.7334778373109244,73.3,High,26.7,Priority 1 - Review,"Prioritise Customer Success review and investigate usage, subscription and support signals.",HealthTech,DE,2023-01-11,organic,Basic,47,0,12,1,0,Pro,48,2352,0,annual,1,56,560,173183,23,29,54,2024-12-26,10,4.107142857142857,3092.553571428572,10.0,5,3.0,67.0,46.333333333333336,4.333333333333333,0.0,2024-01-31,1,720,1,1,335.0,1,"['categorical__country_DE', 'numeric__errors_per_100_usage', 'numeric__customer_tenure_days']"
A-151c9a,0.7331247731921925,73.3,High,26.7,Priority 1 - Review,"Prioritise Customer Success review and investigate usage, subscription and support signals.",FinTech,US,2023-01-27,ads,Enterprise,23,0,5,0,1,Pro,52,2548,0,monthly,0,34,366,120907,14,28,34,2024-12-29,1,3.825136612021858,3556.0882352941176,10.764705882352942,2,2.0,156.5,31.0,3.5,0.0,2024-06-01,1,704,29,1,213.0,1,"['numeric__subscription_count', 'numeric__errors_per_100_usage', 'numeric__latest_auto_renew']"
A-b30291,0.7325612067112588,73.3,High,26.7,Priority 1 - Review,"Prioritise Customer Success review and investigate usage, subscription and support signals.",HealthTech,US,2024-04-05,event,Basic,5,1,10,0,0,Pro,5,245,0,annual,1,48,519,161097,31,26,47,2024-12-17,8,5.973025048169557,3356.1875,10.8125,14,1.0,1.0,16.0,,0.0,2023-05-15,1,270,0,1,596.0,0,"['numeric__average_first_response_minutes', 'categorical__referral_source_event', 'categorical__country_US']"
A-3b37d9,0.7304025137692853,73.0,High,27.0,Priority 1 - Review,"Prioritise Customer Success review and investigate usage, subscription and support signals.",FinTech,US,2023-01-27,event,Enterprise,23,0,7,1,0,Enterprise,23,4577,0,annual,1,43,451,128119,21,26,43,2024-12-14,2,4.656319290465632,2979.5116279069766,10.488372093023257,17,5.0,89.8,36.0,4.5,0.0,2024-09-23,1,704,0,0,99.0,1,"['categorical__referral_source_event', 'categorical__latest_plan_tier_Enterprise', 'numeric__subscription_count']"
A-7c4956,0.7240518954820593,72.4,High,27.6,Priority 1 - Review,"Prioritise Customer Success review and investigate usage, subscription and support signals.",DevTools,US,2023-05-06,ads,Enterprise,5,1,8,0,0,Basic,27,513,0,annual,1,45,475,129707,40,27,44,2024-12-26,6,8.421052631578947,2882.3777777777777,10.555555555555555,5,3.0,66.66666666666667,13.666666666666666,4.0,0.0,2024-12-22,1,605,22,1,9.0,1,"['categorical__industry_DevTools', 'categorical__country_US', 'numeric__days_since_last_usage']"
A-b07b56,0.7234086258247513,72.3,High,27.7,Priority 1 - Review,"Prioritise Customer Success review and investigate usage, subscription and support signals.",DevTools,US,2024-11-08,event,Pro,25,1,15,0,0,Basic,25,0,1,annual,1,64,633,185462,39,32,60,2024-12-29,9,6.161137440758294,2897.84375,9.890625,2,4.0,93.75,31.25,3.0,0.0,2024-10-30,1,53,0,1,62.0,1,"['categorical__industry_DevTools', 'categorical__referral_source_event', 'numeric__unique_features_used']"
A-309e54,0.7215092837651572,72.2,High,27.8,Priority 1 - Review,"Prioritise Customer Success review and investigate usage, subscription and support signals.",DevTools,US,2024-12-09,other,Pro,15,0,11,0,1,Basic,15,285,0,annual,1,52,509,168199,24,28,50,2024-12-17,3,4.715127701375246,3234.596153846154,9.788461538461538,14,5.0,90.2,23.8,3.0,0.0,2024-09-24,1,22,0,1,98.0,1,"['categorical__industry_DevTools', 'categorical__country_US', 'numeric__errors_per_100_usage']"
A-2d4502,0.7212249448487695,72.1,High,27.9,Priority 1 - Review,"Prioritise Customer Success review and investigate usage, subscription and support signals.",FinTech,IN,2024-04-29,event,Basic,7,0,10,1,0,Enterprise,34,6766,0,annual,1,47,465,127997,19,29,46,2024-12-07,7,4.086021505376344,2723.340425531915,9.893617021276595,24,3.0,82.0,26.33333333333333,5.0,0.0,2024-05-02,1,246,27,1,243.0,1,"['categorical__referral_source_event', 'numeric__errors_per_100_usage', 'categorical__latest_plan_tier_Enterprise']"
A-3f9cc0,0.7208798335494738,72.1,High,27.9,Priority 1 - Review,"Prioritise Customer Success review and investigate usage, subscription and support signals.",HealthTech,US,2024-06-03,event,Basic,22,0,7,1,1,Enterprise,30,5970,0,monthly,1,42,407,124321,24,25,42,2024-12-20,0,5.896805896805897,2960.0238095238096,9.69047619047619,11,5.0,112.6,34.8,4.5,1.0,2024-11-03,1,211,8,1,58.0,1,"['categorical__referral_source_event', 'categorical__latest_plan_tier_Enterprise', 'numeric__subscription_count']"
A-883b7d,0.7197551267399067,72.0,High,28.0,Priority 1 - Review,"Prioritise Customer Success review and investigate usage, subscription and support signals.",Cybersecurity,IN,2024-03-28,other,Basic,17,0,12,0,0,Enterprise,50,9950,0,annual,1,66,644,189514,40,35,62,2024-12-30,7,6.211180124223603,2871.4242424242425,9.757575757575758,1,7.0,62.285714285714285,25.571428571428573,3.6,1.0,2024-12-01,1,278,33,1,30.0,1,"['numeric__unique_features_used', 'categorical__latest_plan_tier_Enterprise', 'numeric__active_usage_days']"
A-ff79f2,0.7192061442561867,71.9,High,28.1,Priority 1 - Review,"Prioritise Customer Success review and investigate usage, subscription and support signals.",DevTools,US,2024-04-25,ads,Basic,8,1,9,1,0,Enterprise,19,3781,0,annual,1,41,393,133848,12,24,41,2024-11-22,4,3.0534351145038165,3264.5853658536585,9.585365853658535,39,2.0,82.5,50.0,,0.0,2024-09-04,1,250,11,1,118.0,0,"['numeric__errors_per_100_usage', 'categorical__industry_DevTools', 'categorical__latest_plan_tier_Enterprise']"
A-e83938,0.7089435540101862,70.9,High,29.1,Priority 1 - Review,"Prioritise Customer Success review and investigate usage, subscription and support signals.",DevTools,UK,2023-11-21,other,Pro,2,1,8,1,0,Basic,54,1026,0,annual,0,31,266,87249,18,22,31,2024-12-15,2,6.7669172932330826,2814.483870967742,8.580645161290322,16,4.0,72.5,31.0,3.0,0.0,2024-12-01,1,406,52,1,30.0,1,"['categorical__industry_DevTools', 'numeric__average_usage_per_event', 'numeric__latest_auto_renew']"
A-463db0,0.703357988741894,70.3,High,29.7,Priority 1 - Review,"Prioritise Customer Success review and investigate usage, subscription and support signals.",HealthTech,US,2024-12-05,partner,Basic,15,0,7,0,0,Pro,15,735,0,annual,1,37,367,106259,13,25,36,2024-12-27,3,3.5422343324250685,2871.864864864865,9.91891891891892,4,6.0,94.83333333333331,50.16666666666666,4.25,1.0,2024-12-24,1,26,0,1,7.0,1,"['numeric__errors_per_100_usage', 'numeric__subscription_count', 'categorical__country_US']"
A-e40f45,0.7022999455748423,70.2,High,29.8,Priority 1 - Review,"Prioritise Customer Success review and investigate usage, subscription and support signals.",HealthTech,US,2024-04-18,organic,Pro,21,0,7,1,0,Basic,21,399,0,monthly,0,45,401,122954,26,29,45,2024-12-29,5,6.483790523690773,2732.311111111111,8.911111111111111,2,7.0,96.28571428571428,26.714285714285715,4.333333333333333,0.0,2024-07-12,1,257,0,1,172.0,1,"['numeric__average_usage_per_event', 'numeric__subscription_count', 'numeric__latest_auto_renew']"
A-716841,0.7004692378290068,70.0,High,30.0,Priority 1 - Review,"Prioritise Customer Success review and investigate usage, subscription and support signals.",FinTech,US,2024-05-06,other,Pro,45,0,8,0,0,Enterprise,45,8955,0,monthly,1,34,344,111161,13,26,32,2024-12-20,1,3.77906976744186,3269.4411764705883,10.117647058823527,11,5.0,112.8,29.8,4.0,0.0,2024-04-25,1,239,0,1,250.0,1,"['numeric__errors_per_100_usage', 'categorical__latest_plan_tier_Enterprise', 'categorical__country_US']"
A-8adedc,0.6978178690872792,69.8,High,30.2,Priority 1 - Review,"Prioritise Customer Success review and investigate usage, subscription and support signals.",EdTech,US,2024-02-11,event,Basic,4,1,14,0,0,Pro,68,3332,0,annual,1,61,583,165997,33,32,60,2024-12-31,5,5.660377358490567,2721.2622950819677,9.557377049180328,0,4.0,56.75,49.25,4.0,0.0,2024-08-19,1,324,64,1,134.0,1,"['categorical__referral_source_event', 'numeric__days_since_last_usage', 'numeric__unique_features_used']"
A-68f37c,0.6970142909567096,69.7,High,30.3,Priority 1 - Review,"Prioritise Customer Success review and investigate usage, subscription and support signals.",HealthTech,US,2023-07-15,ads,Basic,4,0,12,1,0,Enterprise,4,796,0,monthly,1,65,624,202756,40,30,64,2024-12-16,6,6.41025641025641,3119.3230769230768,9.6,15,5.0,119.8,20.2,4.0,0.0,2024-10-26,1,535,0,1,66.0,1,"['numeric__active_usage_days', 'categorical__latest_plan_tier_Enterprise', 'categorical__country_US']"
A-659280,0.6939011849500821,69.4,High,30.6,Priority 1 - Review,"Prioritise Customer Success review and investigate usage, subscription and support signals.",FinTech,IN,2023-11-17,event,Enterprise,13,1,12,1,0,Basic,17,0,1,annual,0,60,613,186122,34,30,55,2024-12-24,6,5.5464926590538335,3102.0333333333333,10.216666666666669,7,4.0,123.75,8.0,4.333333333333333,0.0,2024-08-25,1,410,4,1,128.0,1,"['categorical__referral_source_event', 'numeric__latest_auto_renew', 'numeric__average_resolution_hours']"
A-cea1f0,0.6923995042558144,69.2,High,30.8,Priority 1 - Review,"Prioritise Customer Success review and investigate usage, subscription and support signals.",FinTech,US,2024-04-07,event,Pro,8,1,10,1,1,Enterprise,8,1592,0,annual,0,56,586,161188,28,28,54,2024-12-23,9,4.778156996587031,2878.3571428571427,10.464285714285714,8,5.0,107.4,42.2,4.333333333333333,0.0,2024-10-11,1,268,0,1,81.0,1,"['categorical__referral_source_event', 'categorical__latest_plan_tier_Enterprise', 'numeric__latest_auto_renew']"
A-a0ca4e,0.6896539126576852,69.0,High,31.0,Priority 1 - Review,"Prioritise Customer Success review and investigate usage, subscription and support signals.",Cybersecurity,US,2024-03-08,ads,Pro,11,0,9,0,0,Enterprise,26,5174,0,monthly,1,39,373,116964,14,26,39,2024-12-17,3,3.753351206434316,2999.076923076923,9.564102564102564,14,6.0,89.83333333333333,39.16666666666666,3.8,3.0,2024-12-02,1,298,15,1,29.0,1,"['numeric__errors_per_100_usage', 'categorical__latest_plan_tier_Enterprise', 'categorical__country_US']"
A-66224b,0.6891608765844432,68.9,High,31.1,Priority 1 - Review,"Prioritise Customer Success review and investigate usage, subscription and support signals.",HealthTech,US,2024-10-18,other,Pro,92,0,12,0,0,Enterprise,92,0,1,annual,1,61,626,185229,29,34,59,2024-12-04,10,4.63258785942492,3036.5409836065573,10.262295081967212,27,6.0,82.5,39.833333333333336,3.5,0.0,2024-11-20,1,74,0,1,41.0,1,"['numeric__unique_features_used', 'categorical__latest_plan_tier_Enterprise', 'categorical__country_US']"
A-b7b7b7,0.6870203930330662,68.7,High,31.3,Priority 1 - Review,"Prioritise Customer Success review and investigate usage, subscription and support signals.",FinTech,US,2024-06-30,event,Basic,24,1,12,1,0,Pro,24,1176,0,annual,1,55,571,166390,26,31,54,2024-12-12,6,4.553415061295972,3025.2727272727275,10.38181818181818,19,3.0,99.0,17.0,5.0,0.0,2024-08-31,1,184,0,1,122.0,1,"['categorical__referral_source_event', 'categorical__country_US', 'numeric__errors_per_100_usage']"
A-c45b23,0.687005374928813,68.7,High,31.3,Priority 1 - Review,"Prioritise Customer Success review and investigate usage, subscription and support signals.",FinTech,UK,2023-12-08,partner,Basic,5,0,12,0,0,Enterprise,26,5174,0,annual,1,59,581,181056,30,32,57,2024-12-23,10,5.163511187607573,3068.745762711864,9.847457627118644,8,3.0,51.66666666666666,36.66666666666666,3.0,0.0,2024-11-02,1,389,21,1,59.0,1,"['categorical__latest_plan_tier_Enterprise', 'numeric__unique_features_used', 'numeric__average_first_response_minutes']"
A-bcf87c,0.684634180126718,68.5,High,31.5,Priority 1 - Review,"Prioritise Customer Success review and investigate usage, subscription and support signals.",FinTech,US,2024-06-27,event,Pro,10,1,11,0,1,Enterprise,17,3383,0,monthly,1,54,503,147590,19,26,53,2024-12-14,7,3.7773359840954273,2733.1481481481483,9.314814814814817,17,2.0,49.5,63.0,4.0,0.0,2024-01-09,1,187,7,1,357.0,1,"['categorical__referral_source_event', 'numeric__errors_per_100_usage', 'categorical__latest_plan_tier_Enterprise']"
A-b9f5b1,0.6837553472975608,68.4,High,31.6,Priority 1 - Review,"Prioritise Customer Success review and investigate usage, subscription and support signals.",Cybersecurity,US,2023-01-24,other,Pro,15,0,7,0,0,Enterprise,15,2985,0,annual,1,30,307,90576,12,21,30,2024-11-29,3,3.908794788273615,3019.2,10.233333333333333,32,6.0,75.66666666666667,31.83333333333333,3.333333333333333,1.0,2024-10-24,1,707,0,1,68.0,1,"['numeric__errors_per_100_usage', 'categorical__latest_plan_tier_Enterprise', 'numeric__subscription_count']"
A-cc98bc,0.682822121405082,68.3,High,31.7,Priority 1 - Review,"Prioritise Customer Success review and investigate usage, subscription and support signals.",DevTools,US,2023-05-24,ads,Basic,32,0,10,1,0,Basic,32,0,1,monthly,1,53,551,160470,24,29,48,2024-12-24,3,4.355716878402904,3027.735849056604,10.39622641509434,7,3.0,122.33333333333331,4.666666666666667,4.0,0.0,2023-06-13,1,587,0,0,567.0,1,"['categorical__industry_DevTools', 'numeric__errors_per_100_usage', 'categorical__country_US']"
A-3ce5b8,0.6801910046808606,68.0,High,32.0,Priority 1 - Review,"Prioritise Customer Success review and investigate usage, subscription and support signals.",FinTech,IN,2023-09-07,ads,Basic,8,1,9,0,0,Enterprise,8,0,1,annual,1,50,509,147802,29,29,50,2024-12-15,5,5.697445972495088,2956.04,10.18,16,10.0,101.8,42.5,3.7142857142857135,0.0,2024-11-15,1,481,0,1,46.0,1,"['categorical__latest_plan_tier_Enterprise', 'numeric__plan_changed', 'categorical__latest_billing_frequency_annual']"
A-425e76,0.6784427778448394,67.8,High,32.2,Priority 1 - Review,"Prioritise Customer Success review and investigate usage, subscription and support signals.",DevTools,UK,2023-05-17,other,Enterprise,8,1,11,1,0,Enterprise,9,1791,0,annual,1,48,438,136419,24,29,47,2024-12-21,5,5.47945205479452,2842.0625,9.125,10,5.0,119.2,48.2,3.333333333333333,1.0,2024-05-07,1,594,1,0,238.0,1,"['categorical__industry_DevTools', 'categorical__latest_plan_tier_Enterprise', 'numeric__average_usage_per_event']"
A-10b8da,0.6761929373210597,67.6,High,32.4,Priority 1 - Review,"Prioritise Customer Success review and investigate usage, subscription and support signals.",DevTools,US,2023-05-08,partner,Enterprise,14,1,6,1,0,Pro,34,1666,0,monthly,1,27,257,73818,14,23,26,2024-12-23,2,5.447470817120623,2734.0,9.51851851851852,8,3.0,71.33333333333333,31.33333333333333,3.5,0.0,2023-09-23,1,603,20,1,465.0,1,"['categorical__industry_DevTools', 'numeric__subscription_count', 'categorical__country_US']"
A-a6d261,0.6750599035188404,67.5,High,32.5,Priority 1 - Review,"Prioritise Customer Success review and investigate usage, subscription and support signals.",FinTech,CA,2023-11-29,other,Pro,9,0,14,1,0,Basic,13,247,0,annual,1,63,627,189235,29,36,61,2024-12-30,6,4.625199362041467,3003.7301587301586,9.952380952380953,1,4.0,63.25,40.0,4.666666666666667,1.0,2024-12-05,1,398,4,1,26.0,1,"['numeric__unique_features_used', 'numeric__active_usage_days', 'numeric__days_since_last_usage']"
A-34ea2f,0.6719567494286979,67.2,High,32.8,Priority 1 - Review,"Prioritise Customer Success review and investigate usage, subscription and support signals.",HealthTech,US,2024-08-15,organic,Enterprise,8,1,12,1,0,Enterprise,16,3184,0,annual,0,57,550,175157,30,29,56,2024-12-27,3,5.454545454545454,3072.929824561404,9.649122807017545,4,8.0,65.625,35.25,3.8,0.0,2024-10-09,1,138,8,0,83.0,1,"['categorical__latest_plan_tier_Enterprise', 'numeric__latest_auto_renew', 'categorical__country_US']"
A-ced9aa,0.6714718656714883,67.1,High,32.9,Priority 1 - Review,"Prioritise Customer Success review and investigate usage, subscription and support signals.",DevTools,US,2024-10-05,other,Enterprise,3,0,11,0,0,Pro,3,147,0,annual,1,55,531,166970,39,33,52,2024-12-06,5,7.344632768361582,3035.818181818182,9.654545454545454,25,7.0,102.85714285714286,28.857142857142858,3.0,0.0,2024-05-14,1,87,0,1,231.0,1,"['categorical__industry_DevTools', 'numeric__unique_features_used', 'categorical__country_US']"
A-c16cf7,0.6653143340832407,66.5,High,33.5,Priority 1 - Review,"Prioritise Customer Success review and investigate usage, subscription and support signals.",EdTech,US,2024-10-16,event,Pro,13,0,10,0,0,Basic,35,665,0,annual,1,58,577,144846,26,33,56,2024-12-28,8,4.506065857885615,2497.344827586207,9.948275862068966,3,3.0,111.66666666666669,48.333333333333336,3.5,0.0,2024-10-24,1,76,22,1,68.0,1,"['categorical__referral_source_event', 'numeric__unique_features_used', 'categorical__country_US']"
A-9289f6,0.665183332775506,66.5,High,33.5,Priority 1 - Review,"Prioritise Customer Success review and investigate usage, subscription and support signals.",EdTech,US,2023-05-31,event,Enterprise,1,0,12,1,0,Pro,25,1225,0,annual,0,68,642,200375,38,33,63,2024-11-29,7,5.919003115264798,2946.6911764705883,9.441176470588236,32,6.0,70.0,37.5,4.333333333333333,0.0,2024-12-16,1,580,24,1,15.0,1,"['categorical__referral_source_event', 'numeric__unique_features_used', 'numeric__active_usage_days']"
A-6dee43,0.6638980168032453,66.4,High,33.6,Priority 1 - Review,"Prioritise Customer Success review and investigate usage, subscription and support signals.",FinTech,UK,2023-08-12,other,Basic,3,0,11,1,0,Pro,17,0,1,annual,1,48,461,142536,11,28,48,2024-11-18,2,2.386117136659436,2969.5,9.604166666666666,43,5.0,48.8,44.2,4.333333333333333,0.0,2024-11-07,1,507,14,1,54.0,1,"['numeric__errors_per_100_usage', 'numeric__average_first_response_minutes', 'numeric__plan_changed']"
A-82861f,0.6636720235637377,66.4,High,33.6,Priority 1 - Review,"Prioritise Customer Success review and investigate usage, subscription and support signals.",DevTools,UK,2024-04-25,organic,Basic,41,0,10,0,0,Enterprise,41,8159,0,annual,0,50,462,130873,43,28,48,2024-12-06,4,9.307359307359308,2617.46,9.24,25,5.0,55.0,24.4,3.2,0.0,2024-12-18,1,250,0,1,13.0,1,"['categorical__industry_DevTools', 'categorical__latest_plan_tier_Enterprise', 'numeric__latest_auto_renew']"
A-970c97,0.6633356354576024,66.3,High,33.7,Priority 1 - Review,"Prioritise Customer Success review and investigate usage, subscription and support signals.",HealthTech,DE,2024-03-01,other,Enterprise,14,0,8,0,1,Pro,19,931,0,annual,1,44,444,133732,24,26,43,2024-12-30,2,5.405405405405405,3039.3636363636365,10.090909090909092,1,1.0,139.0,61.0,5.0,0.0,2023-01-29,1,305,5,1,702.0,1,"['categorical__country_DE', 'numeric__days_since_last_usage', 'numeric__plan_changed']"
A-4f18f0,0.6632017206286019,66.3,High,33.7,Priority 1 - Review,"Prioritise Customer Success review and investigate usage, subscription and support signals.",DevTools,CA,2024-04-21,other,Pro,24,0,12,0,1,Basic,24,456,0,monthly,1,57,544,168051,25,33,57,2024-12-22,6,4.595588235294118,2948.2631578947367,9.543859649122806,9,5.0,61.4,39.2,4.0,0.0,2024-08-04,1,254,0,1,149.0,1,"['categorical__industry_DevTools', 'numeric__unique_features_used', 'numeric__errors_per_100_usage']"
A-d3c88e,0.6618163538908117,66.2,High,33.8,Priority 1 - Review,"Prioritise Customer Success review and investigate usage, subscription and support signals.",DevTools,US,2024-10-18,event,Pro,16,0,13,1,0,Enterprise,16,3184,0,monthly,1,64,644,204483,48,33,63,2024-12-21,11,7.453416149068323,3195.046875,10.0625,10,3.0,48.0,58.0,4.0,0.0,2024-06-28,1,74,0,1,186.0,1,"['categorical__industry_DevTools', 'categorical__referral_source_event', 'numeric__unique_features_used']"
A-df10db,0.6585916619179517,65.9,High,34.1,Priority 1 - Review,"Prioritise Customer Success review and investigate usage, subscription and support signals.",DevTools,US,2023-06-06,other,Enterprise,2,0,11,1,0,Enterprise,12,2388,0,monthly,1,64,697,214976,40,31,62,2024-12-24,2,5.738880918220947,3359.0,10.890625,7,2.0,86.5,68.5,3.0,1.0,2024-09-11,1,574,10,0,111.0,1,"['categorical__industry_DevTools', 'categorical__latest_plan_tier_Enterprise', 'numeric__active_usage_days']"
A-439b2f,0.6579179197211428,65.8,High,34.2,Priority 1 - Review,"Prioritise Customer Success review and investigate usage, subscription and support signals.",DevTools,US,2024-02-21,ads,Enterprise,1,1,6,1,0,Pro,26,1274,0,monthly,1,20,171,54271,5,14,19,2024-12-29,2,2.923976608187134,2713.55,8.55,2,3.0,85.33333333333333,18.33333333333333,,0.0,2024-12-12,1,314,25,1,19.0,0,"['numeric__errors_per_100_usage', 'categorical__industry_DevTools', 'numeric__average_usage_per_event']"
A-4e0e85,0.6551697364175517,65.5,High,34.5,Priority 1 - Review,"Prioritise Customer Success review and investigate usage, subscription and support signals.",DevTools,US,2023-09-08,organic,Enterprise,6,0,8,1,0,Enterprise,39,0,1,annual,1,31,288,80419,9,20,31,2024-12-28,2,3.125,2594.1612903225805,9.290322580645162,3,2.0,119.5,53.0,5.0,0.0,2024-09-30,1,480,33,0,92.0,1,"['numeric__errors_per_100_usage', 'categorical__industry_DevTools', 'categorical__latest_plan_tier_Enterprise']"
A-fabe19,0.6502735316210487,65.0,High,35.0,Priority 1 - Review,"Prioritise Customer Success review and investigate usage, subscription and support signals.",DevTools,UK,2024-11-11,ads,Enterprise,1,0,7,1,0,Enterprise,1,0,1,monthly,0,33,337,112966,16,20,32,2024-12-25,1,4.747774480712167,3423.212121212121,10.212121212121213,6,3.0,38.333333333333336,40.66666666666666,4.0,0.0,2024-01-06,1,50,0,0,360.0,1,"['categorical__industry_DevTools', 'categorical__latest_plan_tier_Enterprise', 'numeric__subscription_count']"
A-726cfa,0.6495306875808754,65.0,High,35.0,Priority 1 - Review,"Prioritise Customer Success review and investigate usage, subscription and support signals.",DevTools,US,2023-07-01,partner,Pro,11,0,19,1,0,Enterprise,38,7562,0,monthly,0,98,993,281986,45,40,88,2024-12-26,15,4.531722054380665,2877.408163265306,10.13265306122449,5,3.0,128.33333333333334,35.666666666666664,4.0,0.0,2024-08-05,1,549,27,1,148.0,1,"['numeric__active_usage_days', 'numeric__unique_features_used', 'categorical__industry_DevTools']"
A-139c3b,0.6473120030808925,64.7,High,35.3,Priority 1 - Review,"Prioritise Customer Success review and investigate usage, subscription and support signals.",HealthTech,US,2024-11-21,organic,Enterprise,10,1,8,1,0,Pro,10,490,0,annual,1,44,478,150601,16,27,44,2024-12-29,7,3.3472803347280333,3422.75,10.863636363636363,2,9.0,66.11111111111111,28.444444444444443,4.5,0.0,2024-12-18,1,40,0,1,13.0,1,"['numeric__errors_per_100_usage', 'categorical__country_US', 'numeric__days_since_last_usage']"
A-5b4ebb,0.647125540470755,64.7,High,35.3,Priority 1 - Review,"Prioritise Customer Success review and investigate usage, subscription and support signals.",Cybersecurity,UK,2024-07-10,other,Basic,21,1,13,1,0,Pro,30,1470,0,annual,1,70,692,196300,25,34,67,2024-12-25,6,3.6127167630057806,2804.285714285714,9.885714285714286,6,5.0,63.0,35.4,4.75,0.0,2024-11-07,1,174,9,1,54.0,1,"['numeric__errors_per_100_usage', 'numeric__unique_features_used', 'numeric__active_usage_days']"
A-2edab2,0.6439394821056946,64.4,High,35.6,Priority 1 - Review,"Prioritise Customer Success review and investigate usage, subscription and support signals.",HealthTech,US,2023-11-17,event,Enterprise,17,0,10,1,0,Pro,17,833,0,monthly,1,47,487,160804,26,28,44,2024-12-22,5,5.338809034907597,3421.36170212766,10.361702127659576,9,4.0,102.25,30.0,3.0,0.0,2024-07-15,1,410,0,1,169.0,1,"['categorical__referral_source_event', 'categorical__country_US', 'numeric__plan_changed']"
A-bc4d48,0.6432364459174498,64.3,High,35.7,Priority 1 - Review,"Prioritise Customer Success review and investigate usage, subscription and support signals.",EdTech,US,2024-06-12,ads,Pro,35,0,7,1,0,Basic,35,665,0,annual,1,32,321,89391,9,24,30,2024-12-23,1,2.803738317757009,2793.46875,10.03125,8,6.0,65.83333333333333,41.16666666666666,4.2,1.0,2024-11-18,1,202,0,1,43.0,1,"['numeric__errors_per_100_usage', 'numeric__subscription_count', 'categorical__country_US']"
A-756192,0.6419427527844195,64.2,High,35.8,Priority 1 - Review,"Prioritise Customer Success review and investigate usage, subscription and support signals.",FinTech,IN,2023-06-11,other,Basic,19,0,10,1,0,Pro,38,1862,0,annual,1,64,617,183585,43,32,61,2024-12-29,3,6.9692058346839545,2868.515625,9.640625,2,3.0,102.33333333333331,37.333333333333336,4.0,0.0,2024-06-16,1,569,19,1,198.0,1,"['numeric__unique_features_used', 'numeric__active_usage_days', 'numeric__days_since_last_usage']"
A-bc87bc,0.6418628188230051,64.2,High,35.8,Priority 1 - Review,"Prioritise Customer Success review and investigate usage, subscription and support signals.",FinTech,US,2024-07-17,event,Pro,3,0,8,0,0,Basic,8,152,0,monthly,1,36,394,135160,14,24,36,2024-12-21,3,3.5532994923857872,3754.444444444444,10.944444444444445,10,7.0,112.0,40.57142857142857,3.75,0.0,2024-12-29,1,167,5,1,2.0,1,"['numeric__errors_per_100_usage', 'categorical__referral_source_event', 'categorical__country_US']"
A-104f1a,0.6412199744468702,64.1,High,35.9,Priority 1 - Review,"Prioritise Customer Success review and investigate usage, subscription and support signals.",Cybersecurity,US,2024-08-17,other,Pro,24,0,8,0,0,Basic,34,646,0,monthly,1,44,438,156949,22,28,43,2024-12-15,2,5.0228310502283104,3567.0227272727275,9.954545454545457,16,5.0,50.4,33.2,3.75,1.0,2024-12-30,1,136,10,1,1.0,1,"['categorical__country_US', 'numeric__average_first_response_minutes', 'numeric__plan_changed']"
A-d535f6,0.6404020960402598,64.0,High,36.0,Priority 1 - Review,"Prioritise Customer Success review and investigate usage, subscription and support signals.",DevTools,US,2024-09-03,organic,Basic,12,1,9,1,1,Enterprise,12,0,1,monthly,1,47,477,146053,29,26,45,2024-12-25,4,6.079664570230608,3107.5106382978724,10.148936170212766,6,0.0,,,,0.0,,0,119,0,1,,0,"['numeric__has_support_tickets', 'categorical__industry_DevTools', 'categorical__latest_plan_tier_Enterprise']"
A-798a3f,0.6393624083938174,63.9,High,36.1,Priority 1 - Review,"Prioritise Customer Success review and investigate usage, subscription and support signals.",DevTools,FR,2023-10-19,other,Enterprise,12,1,9,1,0,Enterprise,13,2587,0,monthly,0,37,352,105146,19,19,34,2024-12-01,3,5.3977272727272725,2841.783783783784,9.513513513513514,30,5.0,45.2,33.0,4.0,0.0,2024-10-30,1,439,1,0,62.0,1,"['categorical__industry_DevTools', 'categorical__country_FR', 'categorical__latest_plan_tier_Enterprise']"
A-f03140,0.6391073750220408,63.9,High,36.1,Priority 1 - Review,"Prioritise Customer Success review and investigate usage, subscription and support signals.",DevTools,IN,2023-11-22,event,Pro,27,0,10,1,1,Pro,27,0,1,annual,1,57,595,196965,22,32,56,2024-12-30,4,3.697478991596639,3455.5263157894738,10.43859649122807,1,7.0,113.14285714285714,36.0,3.6666666666666665,0.0,2024-02-29,1,405,0,0,306.0,1,"['categorical__industry_DevTools', 'numeric__errors_per_100_usage', 'categorical__referral_source_event']"
A-bd4708,0.6385091200457511,63.9,High,36.1,Priority 1 - Review,"Prioritise Customer Success review and investigate usage, subscription and support signals.",FinTech,US,2024-07-21,ads,Pro,37,0,13,1,0,Enterprise,37,7363,0,monthly,1,64,653,201897,30,33,63,2024-12-30,7,4.594180704441041,3154.640625,10.203125,1,4.0,90.75,24.0,3.5,0.0,2024-12-13,1,163,0,1,18.0,1,"['numeric__unique_features_used', 'numeric__active_usage_days', 'categorical__latest_plan_tier_Enterprise']"
A-ac14bb,0.6375448679901715,63.8,High,36.2,Priority 1 - Review,"Prioritise Customer Success review and investigate usage, subscription and support signals.",FinTech,US,2023-09-08,partner,Enterprise,21,0,8,1,0,Basic,28,532,0,annual,1,54,531,170826,42,31,54,2024-12-18,7,7.909604519774012,3163.4444444444443,9.833333333333334,13,2.0,30.5,24.5,4.0,0.0,2024-06-12,1,480,7,1,202.0,1,"['numeric__average_first_response_minutes', 'categorical__country_US', 'numeric__unique_features_used']"
A-e61e98,0.635570433667323,63.6,High,36.4,Priority 1 - Review,"Prioritise Customer Success review and investigate usage, subscription and support signals.",FinTech,US,2023-10-20,partner,Enterprise,19,1,9,1,0,Enterprise,34,6766,0,annual,1,56,527,131994,25,32,53,2024-12-27,7,4.743833017077799,2357.035714285714,9.410714285714286,4,6.0,88.5,30.33333333333333,4.6,1.0,2024-11-23,1,438,15,0,38.0,1,"['categorical__latest_plan_tier_Enterprise', 'numeric__unique_features_used', 'categorical__country_US']"
A-0651a4,0.6354827157770958,63.5,High,36.5,Priority 1 - Review,"Prioritise Customer Success review and investigate usage, subscription and support signals.",HealthTech,FR,2024-10-16,organic,Pro,16,0,15,0,0,Enterprise,65,12935,0,annual,1,69,705,201426,37,34,67,2024-12-16,8,5.24822695035461,2919.217391304348,10.217391304347826,15,4.0,48.5,29.25,4.0,0.0,2024-09-12,1,76,49,1,110.0,1,"['categorical__country_FR', 'numeric__unique_features_used', 'numeric__active_usage_days']"
A-bf7919,0.635005483357728,63.5,High,36.5,Priority 1 - Review,"Prioritise Customer Success review and investigate usage, subscription and support signals.",HealthTech,US,2024-11-27,organic,Pro,3,0,6,0,0,Enterprise,11,0,1,annual,0,26,262,77458,14,23,26,2024-11-22,4,5.343511450381679,2979.153846153846,10.076923076923077,39,2.0,81.5,14.5,5.0,0.0,2024-10-29,1,34,8,1,63.0,1,"['numeric__subscription_count', 'categorical__latest_plan_tier_Enterprise', 'numeric__latest_auto_renew']"
A-81edc3,0.6330296059927971,63.3,High,36.7,Priority 1 - Review,"Prioritise Customer Success review and investigate usage, subscription and support signals.",Cybersecurity,IN,2023-10-30,ads,Basic,5,0,12,1,0,Enterprise,5,995,0,annual,1,74,765,245080,41,33,72,2024-12-29,11,5.359477124183006,3311.891891891892,10.33783783783784,2,3.0,70.0,52.66666666666666,4.0,0.0,2024-05-20,1,428,0,1,225.0,1,"['numeric__active_usage_days', 'numeric__unique_features_used', 'categorical__latest_plan_tier_Enterprise']"
A-3be56b,0.6327863046346159,63.3,High,36.7,Priority 1 - Review,"Prioritise Customer Success review and investigate usage, subscription and support signals.",HealthTech,IN,2023-10-26,event,Pro,3,1,12,1,1,Basic,20,380,0,annual,0,55,528,169908,33,28,54,2024-12-29,8,6.25,3089.2363636363634,9.6,2,4.0,74.0,40.25,3.5,0.0,2024-02-13,1,432,17,1,322.0,1,"['categorical__referral_source_event', 'numeric__latest_auto_renew', 'numeric__days_since_last_usage']"
A-50f3f7,0.6291426436830145,62.9,High,37.1,Priority 1 - Review,"Prioritise Customer Success review and investigate usage, subscription and support signals.",HealthTech,US,2023-12-22,partner,Basic,31,1,15,0,1,Enterprise,31,6169,0,annual,1,72,685,206893,45,30,69,2024-12-28,7,6.569343065693431,2873.5138888888887,9.51388888888889,3,6.0,67.83333333333333,37.833333333333336,5.0,1.0,2024-09-01,1,375,0,1,121.0,1,"['numeric__active_usage_days', 'categorical__latest_plan_tier_Enterprise', 'categorical__country_US']"
A-4a4c2d,0.6261195272335159,62.6,High,37.4,Priority 1 - Review,"Prioritise Customer Success review and investigate usage, subscription and support signals.",DevTools,US,2023-05-02,event,Enterprise,54,0,13,1,1,Pro,54,2646,0,monthly,1,59,587,164208,37,28,58,2024-12-28,1,6.303236797274275,2783.186440677966,9.94915254237288,3,5.0,104.0,42.0,4.25,0.0,2024-11-15,1,609,0,1,46.0,1,"['categorical__industry_DevTools', 'categorical__referral_source_event', 'categorical__country_US']"
A-a1bbb6,0.6259458810036751,62.6,High,37.4,Priority 1 - Review,"Prioritise Customer Success review and investigate usage, subscription and support signals.",DevTools,CA,2023-04-05,organic,Basic,1,0,8,0,0,Pro,15,0,1,annual,1,37,366,118465,20,23,36,2024-12-30,7,5.46448087431694,3201.7567567567567,9.891891891891891,1,3.0,120.66666666666669,17.666666666666668,4.0,0.0,2024-01-18,1,636,14,1,348.0,1,"['categorical__industry_DevTools', 'numeric__days_since_last_usage', 'numeric__plan_changed']"
A-922109,0.6259317034203119,62.6,High,37.4,Priority 1 - Review,"Prioritise Customer Success review and investigate usage, subscription and support signals.",Cybersecurity,US,2024-01-26,ads,Pro,3,0,13,0,0,Basic,5,0,1,monthly,1,79,819,274464,34,35,75,2024-12-21,4,4.151404151404151,3474.227848101266,10.367088607594935,10,3.0,127.0,25.33333333333333,3.0,0.0,2024-04-12,1,340,2,1,263.0,1,"['numeric__active_usage_days', 'numeric__unique_features_used', 'numeric__errors_per_100_usage']"
A-8bde0c,0.6237337338285142,62.4,High,37.6,Priority 1 - Review,"Prioritise Customer Success review and investigate usage, subscription and support signals.",DevTools,US,2024-11-04,organic,Basic,12,0,18,1,0,Enterprise,12,2388,0,monthly,1,80,773,240908,43,34,78,2024-12-06,6,5.5627425614489,3011.35,9.6625,25,3.0,86.33333333333333,25.666666666666668,4.0,0.0,2024-11-07,1,57,0,1,54.0,1,"['numeric__active_usage_days', 'categorical__industry_DevTools', 'numeric__unique_features_used']"
A-c16b88,0.6234601795553213,62.3,High,37.7,Priority 1 - Review,"Prioritise Customer Success review and investigate usage, subscription and support signals.",HealthTech,US,2023-12-02,event,Enterprise,23,0,9,1,0,Enterprise,23,4577,0,annual,0,48,457,154959,24,28,48,2024-11-19,6,5.25164113785558,3228.3125,9.520833333333334,42,3.0,137.66666666666666,48.333333333333336,3.0,0.0,2024-04-09,1,395,0,0,266.0,1,"['categorical__referral_source_event', 'categorical__latest_plan_tier_Enterprise', 'numeric__latest_auto_renew']"
A-6e7827,0.6221244855226378,62.2,High,37.8,Priority 1 - Review,"Prioritise Customer Success review and investigate usage, subscription and support signals.",DevTools,US,2023-03-26,other,Basic,1,0,9,1,0,Pro,17,833,0,annual,1,41,419,123307,31,24,40,2024-12-21,3,7.398568019093078,3007.487804878049,10.21951219512195,10,2.0,83.5,51.0,3.5,0.0,2024-11-17,1,646,16,1,44.0,1,"['categorical__industry_DevTools', 'categorical__country_US', 'numeric__plan_changed']"
A-e4bf56,0.6216113121399167,62.2,High,37.8,Priority 1 - Review,"Prioritise Customer Success review and investigate usage, subscription and support signals.",HealthTech,IN,2024-10-28,ads,Pro,17,1,7,0,1,Enterprise,22,4378,0,monthly,1,33,339,115488,10,25,33,2024-12-23,1,2.949852507374631,3499.6363636363635,10.272727272727272,8,8.0,111.5,29.125,3.6666666666666665,0.0,2024-08-27,1,64,5,1,126.0,1,"['numeric__errors_per_100_usage', 'categorical__latest_plan_tier_Enterprise', 'numeric__subscription_count']"
A-0a282f,0.6213701475838113,62.1,High,37.9,Priority 1 - Review,"Prioritise Customer Success review and investigate usage, subscription and support signals.",DevTools,US,2024-08-27,organic,Basic,1,0,15,1,1,Pro,2,98,0,annual,1,83,821,251210,48,34,80,2024-12-22,5,5.84652862362972,3026.626506024096,9.89156626506024,9,3.0,63.66666666666666,43.66666666666666,4.666666666666667,0.0,2024-10-26,1,126,1,1,66.0,1,"['numeric__active_usage_days', 'categorical__industry_DevTools', 'numeric__unique_features_used']"
A-4e631b,0.6207243365760589,62.1,High,37.9,Priority 1 - Review,"Prioritise Customer Success review and investigate usage, subscription and support signals.",FinTech,US,2024-03-16,other,Enterprise,22,0,11,1,1,Basic,22,418,0,annual,1,49,502,154668,29,32,46,2024-12-19,4,5.776892430278884,3156.4897959183672,10.244897959183673,12,2.0,52.0,24.5,4.0,0.0,2024-09-23,1,290,0,1,99.0,1,"['numeric__unique_features_used', 'categorical__country_US', 'numeric__average_first_response_minutes']"
A-40de06,0.6205980941271053,62.1,High,37.9,Priority 1 - Review,"Prioritise Customer Success review and investigate usage, subscription and support signals.",Cybersecurity,US,2023-05-08,event,Enterprise,28,1,16,1,1,Basic,28,532,0,annual,1,91,902,267400,43,37,84,2024-12-17,14,4.767184035476718,2938.4615384615386,9.912087912087912,14,3.0,67.66666666666667,40.333333333333336,4.0,0.0,2024-02-18,1,603,0,1,317.0,1,"['numeric__active_usage_days', 'numeric__unique_features_used', 'categorical__referral_source_event']"
A-427b69,0.619185415998394,61.9,High,38.1,Priority 1 - Review,"Prioritise Customer Success review and investigate usage, subscription and support signals.",FinTech,US,2024-08-23,other,Basic,17,0,10,0,0,Basic,17,323,0,monthly,0,70,698,215804,36,32,67,2024-12-27,11,5.157593123209169,3082.9142857142856,9.971428571428572,4,2.0,109.5,31.5,3.0,0.0,2024-05-06,1,130,0,0,239.0,1,"['numeric__active_usage_days', 'numeric__latest_auto_renew', 'numeric__unique_features_used']"
A-c4ea60,0.6188417475968732,61.9,High,38.1,Priority 1 - Review,"Prioritise Customer Success review and investigate usage, subscription and support signals.",FinTech,DE,2023-03-09,other,Enterprise,18,1,9,0,1,Enterprise,18,3582,0,monthly,1,43,427,137244,18,28,41,2024-12-11,9,4.215456674473068,3191.720930232558,9.930232558139537,20,5.0,59.0,36.0,3.6,0.0,2024-05-23,1,663,0,0,222.0,1,"['categorical__country_DE', 'numeric__errors_per_100_usage', 'categorical__latest_plan_tier_Enterprise']"
A-a2485e,0.6166544985801463,61.7,High,38.3,Priority 1 - Review,"Prioritise Customer Success review and investigate usage, subscription and support signals.",FinTech,US,2024-08-04,event,Pro,3,0,6,0,1,Enterprise,17,3383,0,annual,1,28,317,102647,13,22,28,2024-11-27,5,4.100946372239748,3665.964285714286,11.321428571428571,34,0.0,,,,0.0,,0,149,14,1,,0,"['numeric__has_support_tickets', 'categorical__referral_source_event', 'numeric__subscription_count']"
A-ccb686,0.615522864498966,61.6,High,38.4,Priority 1 - Review,"Prioritise Customer Success review and investigate usage, subscription and support signals.",DevTools,US,2024-01-22,other,Basic,10,0,12,1,1,Basic,11,209,0,annual,1,70,721,203848,46,35,66,2024-12-28,8,6.38002773925104,2912.114285714286,10.3,3,1.0,30.0,67.0,4.0,0.0,2023-11-06,1,344,1,0,421.0,1,"['categorical__industry_DevTools', 'numeric__unique_features_used', 'numeric__active_usage_days']"
A-157070,0.6154236246625344,61.5,High,38.5,Priority 1 - Review,"Prioritise Customer Success review and investigate usage, subscription and support signals.",FinTech,US,2023-11-09,ads,Pro,16,0,16,1,1,Basic,38,722,0,annual,1,71,696,186928,26,37,70,2024-12-28,7,3.7356321839080464,2632.788732394366,9.80281690140845,3,3.0,118.0,42.333333333333336,3.0,1.0,2024-12-04,1,418,22,1,27.0,1,"['numeric__unique_features_used', 'numeric__active_usage_days', 'numeric__errors_per_100_usage']"
A-812c5b,0.6142846342135061,61.4,High,38.6,Priority 1 - Review,"Prioritise Customer Success review and investigate usage, subscription and support signals.",DevTools,CA,2024-02-25,organic,Basic,55,1,13,0,0,Pro,55,2695,0,monthly,1,88,866,269595,46,33,84,2024-12-28,11,5.311778290993072,3063.579545454545,9.840909090909092,3,4.0,88.25,27.0,4.0,0.0,2024-08-28,1,310,0,1,125.0,1,"['numeric__active_usage_days', 'categorical__industry_DevTools', 'numeric__unique_features_used']"
A-bcf664,0.6130187488969524,61.3,High,38.7,Priority 1 - Review,"Prioritise Customer Success review and investigate usage, subscription and support signals.",DevTools,US,2023-05-19,other,Pro,5,0,13,0,0,Pro,47,2303,0,annual,1,56,575,181920,28,31,54,2024-12-24,5,4.869565217391305,3248.5714285714284,10.267857142857142,7,5.0,110.6,36.0,4.0,1.0,2024-11-16,1,592,42,0,45.0,1,"['categorical__industry_DevTools', 'categorical__country_US', 'numeric__unique_features_used']"
A-e3bd71,0.6113092925820172,61.1,High,38.9,Priority 1 - Review,"Prioritise Customer Success review and investigate usage, subscription and support signals.",Cybersecurity,US,2023-03-25,partner,Basic,31,0,11,1,1,Pro,31,1519,0,annual,0,61,638,187024,27,32,60,2024-12-20,3,4.231974921630094,3065.967213114754,10.459016393442624,11,4.0,119.0,30.25,4.0,0.0,2024-01-25,1,647,0,1,341.0,1,"['numeric__errors_per_100_usage', 'numeric__latest_auto_renew', 'numeric__unique_features_used']"
A-7f6b86,0.6108708183514339,61.1,High,38.9,Priority 1 - Review,"Prioritise Customer Success review and investigate usage, subscription and support signals.",HealthTech,US,2023-08-24,partner,Basic,45,1,9,1,0,Basic,45,855,0,annual,1,41,420,144249,14,27,41,2024-12-26,3,3.333333333333333,3518.268292682927,10.24390243902439,5,7.0,96.57142857142856,40.42857142857143,3.6666666666666665,0.0,2024-12-20,1,495,0,0,11.0,1,"['numeric__errors_per_100_usage', 'categorical__country_US', 'numeric__days_since_last_usage']"
A-526d93,0.6100118499727009,61.0,High,39.0,Priority 1 - Review,"Prioritise Customer Success review and investigate usage, subscription and support signals.",HealthTech,FR,2024-04-14,organic,Basic,43,0,9,1,0,Enterprise,43,8557,0,annual,0,56,565,159213,45,28,55,2024-12-22,5,7.964601769911504,2843.089285714286,10.089285714285714,9,5.0,134.6,51.4,3.5,1.0,2024-11-13,1,261,0,1,48.0,1,"['categorical__country_FR', 'categorical__latest_plan_tier_Enterprise', 'numeric__latest_auto_renew']"
A-f44180,0.6095550159511628,61.0,High,39.0,Priority 1 - Review,"Prioritise Customer Success review and investigate usage, subscription and support signals.",Cybersecurity,UK,2023-02-13,event,Pro,9,0,11,0,0,Basic,10,0,1,annual,0,52,520,164121,22,27,51,2024-12-15,10,4.230769230769231,3156.173076923077,10.0,16,2.0,123.0,46.5,5.0,0.0,2024-04-28,1,687,1,1,247.0,1,"['categorical__referral_source_event', 'numeric__errors_per_100_usage', 'numeric__latest_auto_renew']"
A-4d1e75,0.6083540717890965,60.8,High,39.2,Priority 1 - Review,"Prioritise Customer Success review and investigate usage, subscription and support signals.",DevTools,US,2024-08-21,other,Basic,20,0,13,1,1,Pro,47,0,1,monthly,0,51,477,148106,25,28,48,2024-12-15,5,5.241090146750524,2904.0392156862745,9.352941176470589,16,2.0,98.5,15.0,4.0,0.0,2024-07-10,1,132,27,1,174.0,1,"['categorical__industry_DevTools', 'numeric__latest_auto_renew', 'categorical__country_US']"
A-712426,0.6075828575183408,60.8,High,39.2,Priority 1 - Review,"Prioritise Customer Success review and investigate usage, subscription and support signals.",HealthTech,US,2024-11-10,other,Enterprise,9,0,15,1,0,Enterprise,63,0,1,annual,1,70,696,214681,31,32,68,2024-12-27,6,4.454022988505748,3066.8714285714286,9.942857142857145,4,6.0,79.16666666666667,37.333333333333336,4.4,0.0,2024-12-10,1,51,54,0,21.0,1,"['numeric__active_usage_days', 'categorical__latest_plan_tier_Enterprise', 'numeric__unique_features_used']"
A-1e1b80,0.6062806102867788,60.6,High,39.4,Priority 1 - Review,"Prioritise Customer Success review and investigate usage, subscription and support signals.",FinTech,CA,2023-09-12,other,Enterprise,50,0,12,1,0,Basic,50,950,0,annual,1,68,682,209315,47,34,67,2024-12-18,2,6.89149560117302,3078.1617647058824,10.029411764705882,13,6.0,67.5,43.0,3.2,0.0,2024-08-23,1,476,0,1,130.0,1,"['numeric__unique_features_used', 'numeric__active_usage_days', 'numeric__plan_changed']"
A-4437e4,0.6056278751437688,60.6,High,39.4,Priority 1 - Review,"Prioritise Customer Success review and investigate usage, subscription and support signals.",Cybersecurity,US,2023-09-16,event,Enterprise,3,0,16,1,1,Basic,9,171,0,annual,1,83,806,260271,43,37,81,2024-12-10,8,5.334987593052109,3135.7951807228915,9.710843373493976,21,6.0,125.33333333333331,34.666666666666664,3.0,2.0,2024-11-16,1,472,6,1,45.0,1,"['numeric__active_usage_days', 'numeric__unique_features_used', 'categorical__referral_source_event']"
A-503d5a,0.6021628966902712,60.2,High,39.8,Priority 1 - Review,"Prioritise Customer Success review and investigate usage, subscription and support signals.",FinTech,US,2023-10-21,other,Enterprise,4,1,12,0,1,Enterprise,56,11144,0,annual,0,59,605,211565,32,34,57,2024-12-15,6,5.289256198347108,3585.8474576271187,10.254237288135592,16,9.0,81.77777777777777,36.55555555555556,4.0,0.0,2024-11-20,1,437,52,0,41.0,1,"['numeric__unique_features_used', 'categorical__latest_plan_tier_Enterprise', 'numeric__latest_auto_renew']"
A-0158bb,0.5978364380897092,59.8,Medium,40.2,Priority 2 - Monitor,Monitor the account and review for emerging engagement or subscription risks.,FinTech,DE,2024-05-22,partner,Basic,5,0,6,1,0,Pro,45,2205,0,annual,1,36,364,122051,22,19,35,2024-12-28,3,6.043956043956044,3390.305555555556,10.11111111111111,3,1.0,50.0,32.0,3.0,0.0,2024-01-11,1,223,40,1,355.0,1,"['categorical__country_DE', 'numeric__subscription_count', 'numeric__days_since_last_usage']"
A-d4ac0e,0.5944623731132541,59.4,Medium,40.6,Priority 2 - Monitor,Monitor the account and review for emerging engagement or subscription risks.,DevTools,UK,2024-04-20,ads,Basic,18,0,19,1,0,Pro,18,882,0,monthly,1,80,793,245619,53,38,76,2024-12-26,9,6.6834804539722565,3070.2375,9.9125,5,4.0,34.0,21.0,3.5,0.0,2024-10-23,1,255,0,1,69.0,1,"['numeric__unique_features_used', 'numeric__active_usage_days', 'categorical__industry_DevTools']"
A-296d7c,0.5937898075602447,59.4,Medium,40.6,Priority 2 - Monitor,Monitor the account and review for emerging engagement or subscription risks.,DevTools,DE,2023-11-08,other,Enterprise,2,0,7,0,0,Pro,6,294,0,annual,1,33,357,124753,18,21,31,2024-11-26,7,5.042016806722689,3780.39393939394,10.818181818181818,35,5.0,105.2,50.4,3.75,0.0,2024-07-24,1,419,4,1,160.0,1,"['categorical__country_DE', 'categorical__industry_DevTools', 'numeric__subscription_count']"
A-43a9e3,0.5924553571101864,59.2,Medium,40.8,Priority 2 - Monitor,Monitor the account and review for emerging engagement or subscription risks.,FinTech,IN,2023-08-17,other,Basic,18,1,8,1,0,Pro,18,882,0,monthly,1,35,355,101136,14,23,35,2024-12-29,2,3.943661971830986,2889.6,10.142857142857142,2,3.0,73.33333333333333,38.0,4.0,0.0,2024-06-26,1,502,0,1,188.0,1,"['numeric__errors_per_100_usage', 'numeric__days_since_last_usage', 'numeric__plan_changed']"
A-4e960a,0.5900056206565693,59.0,Medium,41.0,Priority 2 - Monitor,Monitor the account and review for emerging engagement or subscription risks.,FinTech,US,2024-01-17,other,Enterprise,12,1,12,0,1,Basic,12,228,0,monthly,1,49,512,153943,21,29,47,2024-12-28,5,4.1015625,3141.6938775510203,10.448979591836734,3,6.0,83.16666666666667,29.166666666666668,4.0,0.0,2024-12-08,1,349,0,1,23.0,1,"['numeric__errors_per_100_usage', 'categorical__country_US', 'numeric__days_since_last_usage']"
A-c1dfe1,0.5894702818070119,58.9,Medium,41.1,Priority 2 - Monitor,Monitor the account and review for emerging engagement or subscription risks.,DevTools,DE,2023-08-07,ads,Pro,26,0,8,1,1,Basic,26,494,0,monthly,0,39,375,127687,30,24,39,2024-12-23,4,8.0,3274.025641025641,9.615384615384617,8,3.0,93.66666666666669,50.333333333333336,4.0,0.0,2024-07-08,1,512,0,1,176.0,1,"['categorical__country_DE', 'categorical__industry_DevTools', 'numeric__latest_auto_renew']"
A-cb6cc6,0.586604125896735,58.7,Medium,41.3,Priority 2 - Monitor,Monitor the account and review for emerging engagement or subscription risks.,DevTools,US,2023-04-03,ads,Basic,13,0,7,1,0,Pro,25,1225,0,monthly,1,35,314,101719,26,21,34,2024-12-21,0,8.280254777070063,2906.2571428571428,8.971428571428572,10,3.0,131.66666666666666,16.333333333333332,3.5,0.0,2024-11-25,1,638,12,1,36.0,1,"['categorical__industry_DevTools', 'numeric__subscription_count', 'numeric__average_usage_per_event']"
A-038089,0.5851244453037209,58.5,Medium,41.5,Priority 2 - Monitor,Monitor the account and review for emerging engagement or subscription risks.,DevTools,FR,2023-12-19,other,Pro,5,1,3,0,0,Basic,5,95,0,annual,1,20,210,63673,15,15,19,2024-11-28,1,7.142857142857142,3183.65,10.5,33,6.0,86.16666666666667,30.166666666666668,3.6666666666666665,0.0,2024-05-25,1,378,0,1,220.0,1,"['numeric__subscription_count', 'categorical__industry_DevTools', 'categorical__country_FR']"
A-4c56c9,0.5844713368044333,58.4,Medium,41.6,Priority 2 - Monitor,Monitor the account and review for emerging engagement or subscription risks.,FinTech,US,2023-12-20,partner,Enterprise,9,1,13,0,0,Basic,18,342,0,annual,1,64,623,195927,38,34,61,2024-12-08,7,6.099518459069021,3061.359375,9.734375,23,5.0,68.2,38.6,3.75,0.0,2024-10-05,1,377,9,1,87.0,1,"['numeric__unique_features_used', 'numeric__active_usage_days', 'categorical__country_US']"
A-fe79a5,0.5841984898167406,58.4,Medium,41.6,Priority 2 - Monitor,Monitor the account and review for emerging engagement or subscription risks.,HealthTech,IN,2024-02-21,ads,Basic,9,0,10,1,0,Enterprise,9,1791,0,annual,1,33,335,96672,17,22,33,2024-12-08,2,5.074626865671641,2929.454545454545,10.151515151515152,23,4.0,61.0,28.5,5.0,0.0,2024-12-25,1,314,0,1,6.0,1,"['categorical__latest_plan_tier_Enterprise', 'numeric__plan_changed', 'categorical__industry_HealthTech']"
A-068fc6,0.5838531403840453,58.4,Medium,41.6,Priority 2 - Monitor,Monitor the account and review for emerging engagement or subscription risks.,EdTech,US,2023-07-17,event,Enterprise,35,0,10,1,0,Enterprise,35,6965,0,monthly,1,59,598,189037,29,32,57,2024-12-29,5,4.849498327759197,3204.0169491525426,10.135593220338984,2,5.0,121.4,38.8,4.333333333333333,0.0,2024-04-25,1,533,0,0,250.0,1,"['categorical__referral_source_event', 'categorical__latest_plan_tier_Enterprise', 'numeric__unique_features_used']"
A-f9cc74,0.5832060708331138,58.3,Medium,41.7,Priority 2 - Monitor,Monitor the account and review for emerging engagement or subscription risks.,DevTools,FR,2024-10-12,partner,Enterprise,30,0,10,1,0,Pro,30,0,1,monthly,1,50,484,130826,22,30,49,2024-12-31,7,4.545454545454546,2616.52,9.68,0,6.0,118.33333333333331,49.833333333333336,4.0,0.0,2024-12-09,1,80,0,1,22.0,1,"['categorical__industry_DevTools', 'categorical__country_FR', 'numeric__days_since_last_usage']"
A-5790f4,0.5803393656672015,58.0,Medium,42.0,Priority 2 - Monitor,Monitor the account and review for emerging engagement or subscription risks.,FinTech,UK,2024-12-22,event,Pro,1,0,6,0,0,Basic,33,627,0,monthly,0,35,321,95888,26,25,35,2024-12-09,2,8.09968847352025,2739.657142857143,9.17142857142857,22,4.0,57.25,44.0,4.0,1.0,2024-10-19,1,9,32,1,73.0,1,"['categorical__referral_source_event', 'numeric__subscription_count', 'numeric__latest_auto_renew']"
A-86902e,0.5800260313220044,58.0,Medium,42.0,Priority 2 - Monitor,Monitor the account and review for emerging engagement or subscription risks.,HealthTech,IN,2023-05-02,other,Enterprise,34,0,10,1,0,Enterprise,34,6766,0,annual,1,63,628,202329,36,32,59,2024-12-12,6,5.7324840764331215,3211.5714285714284,9.968253968253968,19,9.0,71.44444444444444,40.888888888888886,3.5,0.0,2024-06-03,1,609,0,0,211.0,1,"['categorical__latest_plan_tier_Enterprise', 'numeric__unique_features_used', 'numeric__active_usage_days']"
A-22d9d2,0.5779733672437409,57.8,Medium,42.2,Priority 2 - Monitor,Monitor the account and review for emerging engagement or subscription risks.,DevTools,FR,2024-03-22,event,Pro,8,0,14,1,1,Pro,32,1568,0,monthly,1,75,782,239679,43,35,74,2024-12-20,6,5.498721227621484,3195.72,10.426666666666666,11,6.0,88.0,16.0,4.0,1.0,2024-10-15,1,284,24,0,77.0,1,"['numeric__active_usage_days', 'categorical__industry_DevTools', 'numeric__unique_features_used']"
A-9123ac,0.5769843096833327,57.7,Medium,42.3,Priority 2 - Monitor,Monitor the account and review for emerging engagement or subscription risks.,Cybersecurity,DE,2023-06-20,organic,Pro,9,0,7,0,1,Enterprise,18,3582,0,annual,1,37,386,120014,24,28,37,2024-12-19,4,6.217616580310881,3243.6216216216217,10.432432432432432,12,6.0,91.66666666666669,38.833333333333336,4.2,0.0,2024-11-22,1,560,9,1,39.0,1,"['categorical__country_DE', 'categorical__latest_plan_tier_Enterprise', 'numeric__subscription_count']"
A-1b707d,0.5761566616697725,57.6,Medium,42.4,Priority 2 - Monitor,Monitor the account and review for emerging engagement or subscription risks.,Cybersecurity,US,2023-07-14,organic,Enterprise,1,0,8,1,0,Basic,2,0,1,annual,0,38,399,110456,12,27,35,2024-12-13,3,3.007518796992481,2906.736842105264,10.5,18,3.0,75.33333333333333,42.66666666666666,,0.0,2024-10-18,1,536,1,1,74.0,0,"['numeric__errors_per_100_usage', 'numeric__latest_auto_renew', 'categorical__country_US']"
A-42b791,0.5749430878245598,57.5,Medium,42.5,Priority 2 - Monitor,Monitor the account and review for emerging engagement or subscription risks.,FinTech,AU,2024-05-20,event,Pro,3,0,7,0,0,Basic,20,380,0,monthly,0,32,312,84693,6,19,32,2024-12-20,2,1.9230769230769231,2646.65625,9.75,11,3.0,72.0,33.666666666666664,4.0,0.0,2023-12-12,1,225,17,1,385.0,1,"['numeric__errors_per_100_usage', 'categorical__referral_source_event', 'numeric__subscription_count']"
A-6f50ae,0.5738223868836191,57.4,Medium,42.6,Priority 2 - Monitor,Monitor the account and review for emerging engagement or subscription risks.,FinTech,US,2023-09-21,partner,Pro,19,1,14,0,1,Enterprise,19,3781,0,monthly,1,83,811,240012,48,35,76,2024-12-22,5,5.9186189889025895,2891.710843373494,9.771084337349398,9,5.0,87.4,31.0,4.5,0.0,2024-11-14,1,467,0,1,47.0,1,"['numeric__active_usage_days', 'numeric__unique_features_used', 'categorical__latest_plan_tier_Enterprise']"
A-7f8241,0.573530304970571,57.4,Medium,42.6,Priority 2 - Monitor,Monitor the account and review for emerging engagement or subscription risks.,EdTech,US,2023-03-14,organic,Pro,34,1,15,1,0,Enterprise,34,6766,0,monthly,0,77,734,227186,38,34,74,2024-12-21,5,5.177111716621254,2950.4675324675327,9.532467532467532,10,1.0,135.0,36.0,3.0,0.0,2024-04-19,1,658,0,1,256.0,1,"['numeric__active_usage_days', 'numeric__unique_features_used', 'categorical__latest_plan_tier_Enterprise']"
A-180abf,0.5725959869037699,57.3,Medium,42.7,Priority 2 - Monitor,Monitor the account and review for emerging engagement or subscription risks.,DevTools,US,2023-08-14,event,Pro,64,1,9,1,0,Pro,64,3136,0,monthly,1,48,499,136250,28,29,47,2024-12-17,5,5.61122244488978,2838.5416666666665,10.395833333333334,14,3.0,62.333333333333336,36.333333333333336,3.0,0.0,2024-07-30,1,505,0,0,154.0,1,"['categorical__industry_DevTools', 'categorical__referral_source_event', 'categorical__country_US']"
A-410e86,0.5724424747249943,57.2,Medium,42.8,Priority 2 - Monitor,Monitor the account and review for emerging engagement or subscription risks.,FinTech,US,2024-11-10,organic,Basic,24,0,7,0,0,Enterprise,24,4776,0,monthly,0,30,292,107443,21,22,29,2024-12-27,3,7.191780821917808,3581.4333333333334,9.733333333333333,4,5.0,110.0,42.6,3.5,0.0,2024-04-28,1,51,0,1,247.0,1,"['categorical__latest_plan_tier_Enterprise', 'numeric__subscription_count', 'numeric__latest_auto_renew']"
A-0dbdc6,0.5683144377121575,56.8,Medium,43.2,Priority 2 - Monitor,Monitor the account and review for emerging engagement or subscription risks.,Cybersecurity,DE,2023-02-12,other,Pro,30,1,9,0,0,Pro,47,2303,0,annual,1,52,512,155107,31,32,51,2024-12-31,6,6.0546875,2982.826923076923,9.846153846153848,0,4.0,95.25,47.0,5.0,0.0,2024-10-10,1,688,17,0,82.0,1,"['categorical__country_DE', 'numeric__days_since_last_usage', 'numeric__unique_features_used']"
A-8b0451,0.5676839749992549,56.8,Medium,43.2,Priority 2 - Monitor,Monitor the account and review for emerging engagement or subscription risks.,FinTech,UK,2024-09-16,event,Enterprise,41,0,10,0,0,Enterprise,41,8159,0,annual,1,60,606,177930,45,32,55,2024-12-31,6,7.425742574257425,2965.5,10.1,0,7.0,83.71428571428571,26.571428571428573,3.5,0.0,2024-12-10,1,106,0,0,21.0,1,"['categorical__referral_source_event', 'categorical__latest_plan_tier_Enterprise', 'numeric__days_since_last_usage']"
A-f45426,0.5655232172671063,56.6,Medium,43.4,Priority 2 - Monitor,Monitor the account and review for emerging engagement or subscription risks.,HealthTech,US,2024-08-05,organic,Basic,9,0,11,0,1,Pro,9,441,0,monthly,0,61,624,191651,49,33,58,2024-12-26,5,7.852564102564102,3141.8196721311474,10.229508196721312,5,3.0,69.0,17.0,4.0,0.0,2024-08-24,1,148,0,1,129.0,1,"['numeric__unique_features_used', 'numeric__latest_auto_renew', 'categorical__country_US']"
A-098560,0.5652974668632842,56.5,Medium,43.5,Priority 2 - Monitor,Monitor the account and review for emerging engagement or subscription risks.,DevTools,UK,2023-10-21,ads,Enterprise,1,1,11,1,0,Enterprise,4,796,0,monthly,1,55,567,174302,32,32,54,2024-12-22,8,5.64373897707231,3169.1272727272726,10.309090909090909,9,2.0,100.0,28.0,3.0,1.0,2024-12-28,1,437,3,0,3.0,1,"['categorical__industry_DevTools', 'categorical__latest_plan_tier_Enterprise', 'numeric__unique_features_used']"
A-c608c8,0.5636482043569007,56.4,Medium,43.6,Priority 2 - Monitor,Monitor the account and review for emerging engagement or subscription risks.,DevTools,DE,2023-04-27,ads,Pro,3,1,8,1,1,Pro,21,1029,0,annual,1,43,445,144345,27,29,40,2024-12-31,5,6.067415730337078,3356.860465116279,10.348837209302326,0,2.0,66.0,59.0,3.0,0.0,2024-08-16,1,614,18,0,137.0,1,"['categorical__country_DE', 'categorical__industry_DevTools', 'numeric__days_since_last_usage']"
A-9f9299,0.5618554258597511,56.2,Medium,43.8,Priority 2 - Monitor,Monitor the account and review for emerging engagement or subscription risks.,FinTech,US,2023-09-02,organic,Enterprise,28,0,15,0,0,Pro,28,1372,0,annual,1,85,830,258465,54,37,81,2024-12-26,10,6.506024096385541,3040.764705882353,9.764705882352942,5,5.0,116.2,36.2,5.0,0.0,2024-12-28,1,486,0,1,3.0,1,"['numeric__active_usage_days', 'numeric__unique_features_used', 'categorical__country_US']"
A-993085,0.5571983510424813,55.7,Medium,44.3,Priority 2 - Monitor,Monitor the account and review for emerging engagement or subscription risks.,HealthTech,US,2023-06-01,ads,Basic,31,0,15,1,1,Enterprise,42,8358,0,monthly,0,70,665,216015,50,33,64,2024-12-20,7,7.518796992481203,3085.928571428572,9.5,11,4.0,82.0,46.5,3.5,0.0,2024-12-09,1,579,11,1,22.0,1,"['numeric__unique_features_used', 'numeric__active_usage_days', 'categorical__latest_plan_tier_Enterprise']"
A-e89151,0.5554066544926609,55.5,Medium,44.5,Priority 2 - Monitor,Monitor the account and review for emerging engagement or subscription risks.,FinTech,UK,2023-09-14,organic,Pro,8,1,9,1,0,Enterprise,44,8756,0,annual,1,58,601,188786,29,30,54,2024-12-30,13,4.825291181364393,3254.9310344827586,10.362068965517242,1,2.0,48.5,41.5,5.0,0.0,2024-10-10,1,474,36,1,82.0,1,"['categorical__latest_plan_tier_Enterprise', 'numeric__days_since_last_usage', 'numeric__average_first_response_minutes']"
A-5a3eb9,0.5545645210323025,55.5,Medium,44.5,Priority 2 - Monitor,Monitor the account and review for emerging engagement or subscription risks.,DevTools,CA,2023-08-20,other,Enterprise,18,0,13,0,1,Pro,18,882,0,annual,1,69,722,216880,34,34,64,2024-12-11,7,4.709141274238228,3143.188405797101,10.46376811594203,20,3.0,83.0,24.0,,0.0,2024-04-08,1,499,0,1,267.0,0,"['categorical__industry_DevTools', 'numeric__unique_features_used', 'numeric__active_usage_days']"
A-9c18c4,0.5514868984205218,55.1,Medium,44.9,Priority 2 - Monitor,Monitor the account and review for emerging engagement or subscription risks.,HealthTech,US,2023-07-27,ads,Pro,11,1,10,1,0,Enterprise,11,2189,0,monthly,1,56,556,178453,37,30,53,2024-12-13,4,6.654676258992806,3186.660714285714,9.928571428571429,18,4.0,130.25,42.25,4.0,0.0,2024-12-08,1,523,0,1,23.0,1,"['categorical__latest_plan_tier_Enterprise', 'categorical__country_US', 'numeric__plan_changed']"
A-f97b9a,0.5501723703375601,55.0,Medium,45.0,Priority 2 - Monitor,Monitor the account and review for emerging engagement or subscription risks.,FinTech,US,2023-07-09,event,Pro,16,0,11,1,0,Pro,16,784,0,annual,1,56,561,173241,33,29,52,2024-12-29,6,5.88235294117647,3093.589285714286,10.017857142857142,2,7.0,69.85714285714286,31.714285714285715,3.6666666666666665,0.0,2024-11-14,1,541,0,0,47.0,1,"['categorical__referral_source_event', 'categorical__country_US', 'numeric__days_since_last_usage']"
A-ce550d,0.5490317101911221,54.9,Medium,45.1,Priority 2 - Monitor,Monitor the account and review for emerging engagement or subscription risks.,HealthTech,US,2024-10-27,event,Enterprise,35,1,9,1,0,Enterprise,109,21691,0,monthly,1,58,579,215779,31,32,56,2024-12-23,4,5.354058721934369,3720.3275862068967,9.982758620689657,8,7.0,107.85714285714286,42.285714285714285,3.8,1.0,2024-10-25,1,65,74,0,67.0,1,"['categorical__referral_source_event', 'categorical__latest_plan_tier_Enterprise', 'numeric__unique_features_used']"
A-342303,0.546557888626169,54.7,Medium,45.3,Priority 2 - Monitor,Monitor the account and review for emerging engagement or subscription risks.,EdTech,US,2024-03-16,other,Pro,1,0,3,0,0,Enterprise,10,0,1,annual,1,15,141,23149,5,12,15,2024-11-26,1,3.546099290780142,1543.2666666666669,9.4,35,3.0,71.33333333333333,29.33333333333333,4.5,0.0,2024-03-03,1,290,9,1,303.0,1,"['numeric__subscription_count', 'numeric__errors_per_100_usage', 'categorical__latest_plan_tier_Enterprise']"
A-cab532,0.5451960565499245,54.5,Medium,45.5,Priority 2 - Monitor,Monitor the account and review for emerging engagement or subscription risks.,DevTools,FR,2023-04-03,organic,Pro,11,0,15,1,1,Pro,35,1715,0,annual,1,101,1005,273639,47,38,96,2024-12-30,7,4.676616915422885,2709.29702970297,9.950495049504951,1,1.0,175.0,32.0,4.0,0.0,2024-03-28,1,638,24,0,278.0,1,"['numeric__active_usage_days', 'numeric__unique_features_used', 'categorical__industry_DevTools']"
A-67be94,0.5451192416032625,54.5,Medium,45.5,Priority 2 - Monitor,Monitor the account and review for emerging engagement or subscription risks.,EdTech,US,2023-04-04,organic,Enterprise,26,0,7,1,0,Pro,26,1274,0,monthly,1,42,416,127197,17,26,41,2024-12-18,3,4.086538461538462,3028.5,9.904761904761903,13,5.0,51.0,38.6,4.0,0.0,2024-11-28,1,637,0,1,33.0,1,"['numeric__errors_per_100_usage', 'numeric__subscription_count', 'categorical__country_US']"
A-e08cd3,0.5440564914071891,54.4,Medium,45.6,Priority 2 - Monitor,Monitor the account and review for emerging engagement or subscription risks.,FinTech,US,2024-09-21,ads,Pro,67,0,11,0,1,Basic,67,1273,0,annual,1,43,432,138064,21,30,43,2024-12-30,7,4.861111111111112,3210.7906976744184,10.046511627906977,1,8.0,93.0,30.375,4.0,0.0,2024-12-26,1,101,0,1,5.0,1,"['numeric__days_since_last_usage', 'categorical__country_US', 'numeric__plan_changed']"
A-b11cd0,0.5403010342082682,54.0,Medium,46.0,Priority 2 - Monitor,Monitor the account and review for emerging engagement or subscription risks.,DevTools,US,2023-01-20,ads,Pro,26,1,6,0,0,Pro,26,1274,0,annual,1,29,278,85711,16,21,28,2024-12-21,1,5.755395683453238,2955.551724137931,9.586206896551724,10,4.0,140.75,38.5,4.0,0.0,2024-10-08,1,711,0,0,84.0,1,"['categorical__industry_DevTools', 'numeric__subscription_count', 'categorical__country_US']"
A-95b24a,0.5392561609915925,53.9,Medium,46.1,Priority 2 - Monitor,Monitor the account and review for emerging engagement or subscription risks.,FinTech,US,2023-06-06,event,Pro,38,1,11,1,1,Pro,38,0,1,annual,1,62,611,188856,34,32,59,2024-12-31,8,5.564648117839607,3046.064516129032,9.85483870967742,0,5.0,90.4,21.2,4.25,0.0,2024-03-14,1,574,0,0,292.0,1,"['categorical__referral_source_event', 'numeric__days_since_last_usage', 'numeric__unique_features_used']"
A-0cc442,0.5380491245817606,53.8,Medium,46.2,Priority 2 - Monitor,Monitor the account and review for emerging engagement or subscription risks.,EdTech,US,2024-07-18,organic,Basic,45,0,13,1,1,Enterprise,45,8955,0,annual,1,77,765,230759,41,34,73,2024-12-20,7,5.359477124183006,2996.87012987013,9.935064935064934,11,3.0,47.333333333333336,37.0,3.0,0.0,2024-04-29,1,166,0,1,246.0,1,"['numeric__active_usage_days', 'numeric__unique_features_used', 'categorical__latest_plan_tier_Enterprise']"
A-331424,0.5371005692020075,53.7,Medium,46.3,Priority 2 - Monitor,Monitor the account and review for emerging engagement or subscription risks.,DevTools,US,2023-11-06,organic,Basic,11,0,6,0,0,Pro,11,0,1,monthly,0,20,214,76170,9,17,20,2024-12-02,3,4.205607476635514,3808.5,10.7,29,2.0,98.5,24.5,,0.0,2023-03-30,1,421,0,1,642.0,0,"['categorical__industry_DevTools', 'numeric__subscription_count', 'numeric__errors_per_100_usage']"
A-c7ffc2,0.5346496396118238,53.5,Medium,46.5,Priority 2 - Monitor,Monitor the account and review for emerging engagement or subscription risks.,Cybersecurity,US,2023-01-27,partner,Pro,30,0,12,1,0,Basic,49,931,0,monthly,0,62,640,200957,28,30,60,2024-12-30,6,4.375,3241.2419354838707,10.32258064516129,1,2.0,86.0,64.0,3.0,0.0,2024-02-28,1,704,19,1,307.0,1,"['numeric__errors_per_100_usage', 'numeric__latest_auto_renew', 'numeric__days_since_last_usage']"
A-eb2fdc,0.533515283407579,53.4,Medium,46.6,Priority 2 - Monitor,Monitor the account and review for emerging engagement or subscription risks.,DevTools,AU,2023-11-21,organic,Enterprise,31,1,12,0,0,Basic,31,589,0,annual,1,54,547,174663,17,29,50,2024-11-29,3,3.107861060329068,3234.5,10.12962962962963,32,5.0,37.6,33.6,4.5,0.0,2023-12-18,1,406,0,1,379.0,1,"['numeric__errors_per_100_usage', 'categorical__industry_DevTools', 'numeric__average_first_response_minutes']"
A-86cdb4,0.5328230833536488,53.3,Medium,46.7,Priority 2 - Monitor,Monitor the account and review for emerging engagement or subscription risks.,DevTools,DE,2024-09-22,partner,Basic,2,0,9,0,0,Basic,17,323,0,monthly,1,49,492,167226,24,27,48,2024-12-08,6,4.878048780487805,3412.775510204081,10.040816326530612,23,5.0,105.8,26.4,4.333333333333333,0.0,2024-12-02,1,100,15,0,29.0,1,"['categorical__country_DE', 'categorical__industry_DevTools', 'numeric__errors_per_100_usage']"
A-59f724,0.5314488168320598,53.1,Medium,46.9,Priority 2 - Monitor,Monitor the account and review for emerging engagement or subscription risks.,HealthTech,US,2023-11-03,other,Enterprise,3,0,12,1,0,Basic,18,342,0,monthly,1,68,696,221691,47,33,62,2024-12-07,6,6.752873563218391,3260.1617647058824,10.235294117647058,24,4.0,94.5,19.25,4.25,0.0,2024-12-15,1,424,15,1,16.0,1,"['numeric__unique_features_used', 'numeric__active_usage_days', 'categorical__country_US']"
A-ba6516,0.5272590092650413,52.7,Medium,47.3,Priority 2 - Monitor,Monitor the account and review for emerging engagement or subscription risks.,FinTech,US,2023-10-29,ads,Pro,27,0,13,1,1,Enterprise,27,5373,0,annual,1,60,642,213554,32,31,56,2024-12-19,8,4.984423676012461,3559.233333333333,10.7,12,6.0,71.0,31.5,4.0,0.0,2024-12-25,1,429,0,1,6.0,1,"['categorical__latest_plan_tier_Enterprise', 'categorical__country_US', 'numeric__unique_features_used']"
A-1619f8,0.5269467295056549,52.7,Medium,47.3,Priority 2 - Monitor,Monitor the account and review for emerging engagement or subscription risks.,DevTools,US,2024-05-20,organic,Pro,29,0,7,1,0,Basic,29,551,0,monthly,1,42,432,142787,26,27,41,2024-12-07,2,6.018518518518518,3399.690476190476,10.285714285714286,24,3.0,81.0,42.0,5.0,0.0,2024-11-11,1,225,0,1,50.0,1,"['categorical__industry_DevTools', 'numeric__subscription_count', 'categorical__country_US']"
A-7920cc,0.5253482874605317,52.5,Medium,47.5,Priority 2 - Monitor,Monitor the account and review for emerging engagement or subscription risks.,Cybersecurity,FR,2023-11-23,ads,Pro,39,0,16,1,0,Enterprise,69,13731,0,annual,1,62,601,177512,28,32,59,2024-12-20,4,4.658901830282862,2863.0967741935483,9.693548387096774,11,7.0,113.42857142857144,32.857142857142854,4.333333333333333,0.0,2024-10-21,1,404,30,1,71.0,1,"['categorical__country_FR', 'categorical__latest_plan_tier_Enterprise', 'numeric__unique_features_used']"
A-5c046d,0.5250415861974489,52.5,Medium,47.5,Priority 2 - Monitor,Monitor the account and review for emerging engagement or subscription risks.,EdTech,FR,2024-07-06,partner,Basic,93,0,8,0,0,Enterprise,93,18507,0,annual,1,46,475,127926,23,27,44,2024-12-17,5,4.842105263157895,2781.0,10.326086956521738,14,1.0,128.0,13.0,3.0,0.0,2024-03-08,1,178,0,1,298.0,1,"['categorical__country_FR', 'categorical__latest_plan_tier_Enterprise', 'numeric__plan_changed']"
A-cb5333,0.525034457294575,52.5,Medium,47.5,Priority 2 - Monitor,Monitor the account and review for emerging engagement or subscription risks.,DevTools,US,2024-03-26,ads,Pro,33,0,16,0,1,Pro,33,1617,0,monthly,1,82,796,263767,34,36,77,2024-12-21,8,4.271356783919598,3216.670731707317,9.707317073170731,10,4.0,85.75,30.75,3.0,0.0,2023-11-25,1,280,0,0,402.0,1,"['numeric__active_usage_days', 'numeric__unique_features_used', 'categorical__industry_DevTools']"
A-cbd1a3,0.524517466529786,52.5,Medium,47.5,Priority 2 - Monitor,Monitor the account and review for emerging engagement or subscription risks.,DevTools,US,2024-11-25,other,Basic,6,1,10,1,0,Basic,20,380,0,annual,1,45,465,128809,32,29,44,2024-12-21,3,6.881720430107527,2862.4222222222224,10.333333333333334,10,4.0,81.75,34.5,4.0,0.0,2024-09-08,1,36,14,0,114.0,1,"['categorical__industry_DevTools', 'categorical__country_US', 'categorical__latest_billing_frequency_annual']"
A-37f969,0.5236405741671222,52.4,Medium,47.6,Priority 2 - Monitor,Monitor the account and review for emerging engagement or subscription risks.,HealthTech,IN,2023-10-14,partner,Enterprise,30,0,8,1,0,Enterprise,30,5970,0,annual,1,32,312,107852,14,25,31,2024-12-25,5,4.487179487179487,3370.375,9.75,6,5.0,94.0,22.2,3.6666666666666665,1.0,2024-04-12,1,444,0,0,263.0,1,"['categorical__latest_plan_tier_Enterprise', 'numeric__errors_per_100_usage', 'numeric__subscription_count']"
A-4e44e8,0.5230897073287529,52.3,Medium,47.7,Priority 2 - Monitor,Monitor the account and review for emerging engagement or subscription risks.,DevTools,US,2024-08-20,ads,Enterprise,3,1,14,1,0,Enterprise,17,3383,0,annual,1,69,687,208387,37,32,68,2024-11-24,8,5.385735080058224,3020.1014492753625,9.956521739130435,37,3.0,76.66666666666667,31.33333333333333,3.333333333333333,0.0,2024-09-15,1,133,14,0,107.0,1,"['categorical__industry_DevTools', 'numeric__active_usage_days', 'categorical__latest_plan_tier_Enterprise']"
A-92a333,0.5230831487856077,52.3,Medium,47.7,Priority 2 - Monitor,Monitor the account and review for emerging engagement or subscription risks.,FinTech,US,2023-03-24,event,Enterprise,9,0,6,0,1,Basic,9,171,0,monthly,1,36,364,103645,30,22,36,2024-12-20,2,8.241758241758241,2879.027777777778,10.11111111111111,11,4.0,58.25,23.25,,1.0,2024-06-05,1,648,0,1,209.0,0,"['categorical__referral_source_event', 'numeric__subscription_count', 'categorical__country_US']"
A-94d3da,0.5229586718779021,52.3,Medium,47.7,Priority 2 - Monitor,Monitor the account and review for emerging engagement or subscription risks.,HealthTech,US,2023-05-03,other,Basic,41,0,12,1,0,Basic,41,779,0,monthly,1,48,464,150051,25,29,46,2024-12-19,5,5.387931034482758,3126.0625,9.666666666666666,12,6.0,80.5,26.83333333333333,3.5,0.0,2024-12-27,1,608,0,0,4.0,1,"['categorical__country_US', 'numeric__customer_tenure_days', 'categorical__industry_HealthTech']"
A-5b1bcd,0.5221705412207045,52.2,Medium,47.8,Priority 2 - Monitor,Monitor the account and review for emerging engagement or subscription risks.,DevTools,US,2023-09-16,organic,Pro,73,0,15,1,0,Pro,73,3577,0,annual,0,86,869,251284,54,34,79,2024-12-31,6,6.214039125431531,2921.906976744186,10.104651162790695,0,4.0,92.5,43.25,4.5,0.0,2024-12-17,1,472,0,0,14.0,1,"['numeric__active_usage_days', 'categorical__industry_DevTools', 'numeric__unique_features_used']"
A-ce66f8,0.5195759676859325,52.0,Medium,48.0,Priority 2 - Monitor,Monitor the account and review for emerging engagement or subscription risks.,EdTech,CA,2023-08-23,event,Pro,29,0,6,0,0,Pro,29,1421,0,annual,1,46,494,133559,19,29,45,2024-12-31,6,3.8461538461538463,2903.4565217391305,10.73913043478261,0,6.0,79.16666666666667,41.66666666666666,3.5,0.0,2024-12-06,1,496,0,0,25.0,1,"['categorical__referral_source_event', 'numeric__errors_per_100_usage', 'numeric__subscription_count']"
A-8b25f2,0.5175571966959698,51.8,Medium,48.2,Priority 2 - Monitor,Monitor the account and review for emerging engagement or subscription risks.,Cybersecurity,US,2024-02-17,ads,Pro,6,1,13,1,1,Enterprise,13,2587,0,monthly,1,54,565,159394,20,29,52,2024-12-27,6,3.5398230088495577,2951.740740740741,10.462962962962964,4,2.0,50.5,35.5,4.0,0.0,2024-02-04,1,318,7,1,331.0,1,"['numeric__errors_per_100_usage', 'categorical__latest_plan_tier_Enterprise', 'categorical__country_US']"
A-9ee962,0.5174695359992537,51.7,Medium,48.3,Priority 2 - Monitor,Monitor the account and review for emerging engagement or subscription risks.,HealthTech,US,2023-02-28,ads,Basic,9,1,9,1,1,Basic,9,171,0,annual,1,39,439,120226,17,25,38,2024-12-25,3,3.87243735763098,3082.7179487179487,11.256410256410255,6,3.0,69.66666666666667,37.0,4.0,0.0,2024-05-26,1,672,0,0,219.0,1,"['numeric__errors_per_100_usage', 'categorical__country_US', 'numeric__customer_tenure_days']"
A-b07346,0.5172927988928417,51.7,Medium,48.3,Priority 2 - Monitor,Monitor the account and review for emerging engagement or subscription risks.,HealthTech,US,2024-10-10,partner,Pro,51,1,5,1,0,Enterprise,51,0,1,annual,1,33,326,106943,22,23,33,2024-12-12,4,6.748466257668712,3240.696969696969,9.87878787878788,19,3.0,76.66666666666667,42.333333333333336,3.5,0.0,2024-11-12,1,82,0,1,49.0,1,"['numeric__subscription_count', 'categorical__latest_plan_tier_Enterprise', 'categorical__country_US']"
A-96215d,0.516008365310905,51.6,Medium,48.4,Priority 2 - Monitor,Monitor the account and review for emerging engagement or subscription risks.,FinTech,US,2024-08-08,event,Enterprise,10,0,6,1,0,Pro,10,490,0,annual,0,32,347,104442,21,20,29,2024-12-06,5,6.051873198847262,3263.8125,10.84375,25,1.0,115.0,25.0,3.0,0.0,2023-08-04,1,145,0,1,515.0,1,"['categorical__referral_source_event', 'numeric__subscription_count', 'numeric__latest_auto_renew']"
A-de24d5,0.5159353088977431,51.6,Medium,48.4,Priority 2 - Monitor,Monitor the account and review for emerging engagement or subscription risks.,DevTools,US,2024-11-05,other,Enterprise,5,0,13,0,0,Pro,5,245,0,monthly,0,53,537,140266,28,29,52,2024-11-22,6,5.21415270018622,2646.5283018867926,10.132075471698114,39,7.0,103.42857142857144,43.142857142857146,3.0,0.0,2024-11-16,1,56,0,1,45.0,1,"['categorical__industry_DevTools', 'numeric__latest_auto_renew', 'categorical__country_US']"
A-02fac6,0.5147863560187864,51.5,Medium,48.5,Priority 2 - Monitor,Monitor the account and review for emerging engagement or subscription risks.,FinTech,US,2023-04-06,event,Pro,22,0,11,1,0,Pro,22,1078,0,monthly,1,53,514,169854,34,32,51,2024-12-27,5,6.614785992217899,3204.7924528301887,9.69811320754717,4,6.0,100.5,23.33333333333333,4.0,0.0,2024-05-18,1,635,0,0,227.0,1,"['categorical__referral_source_event', 'numeric__unique_features_used', 'categorical__country_US']"
A-fa2041,0.5143757305704447,51.4,Medium,48.6,Priority 2 - Monitor,Monitor the account and review for emerging engagement or subscription risks.,HealthTech,US,2024-05-29,organic,Pro,15,0,12,0,0,Pro,39,0,1,annual,1,61,552,157263,34,34,58,2024-12-26,6,6.159420289855073,2578.0819672131147,9.049180327868852,5,1.0,99.0,16.0,3.0,0.0,2024-03-30,1,216,24,0,276.0,1,"['numeric__unique_features_used', 'categorical__country_US', 'numeric__average_usage_per_event']"
A-6a7c9d,0.5130585680448784,51.3,Medium,48.7,Priority 2 - Monitor,Monitor the account and review for emerging engagement or subscription risks.,Cybersecurity,US,2024-10-24,organic,Enterprise,26,1,5,0,0,Pro,26,1274,0,annual,1,19,189,65006,6,15,19,2024-12-18,1,3.1746031746031744,3421.368421052632,9.947368421052632,13,3.0,60.0,34.333333333333336,4.0,0.0,2024-08-15,1,68,0,1,138.0,1,"['numeric__errors_per_100_usage', 'numeric__subscription_count', 'categorical__country_US']"
A-443b7c,0.5114948697972712,51.1,Medium,48.9,Priority 2 - Monitor,Monitor the account and review for emerging engagement or subscription risks.,Cybersecurity,US,2024-09-06,other,Enterprise,1,1,16,1,0,Basic,8,152,0,annual,1,63,618,195039,29,28,59,2024-12-27,8,4.692556634304207,3095.8571428571427,9.80952380952381,4,8.0,49.0,29.25,4.4,0.0,2024-07-19,1,116,7,1,165.0,1,"['categorical__country_US', 'numeric__active_usage_days', 'numeric__errors_per_100_usage']"
A-89ee83,0.5114255635093969,51.1,Medium,48.9,Priority 2 - Monitor,Monitor the account and review for emerging engagement or subscription risks.,Cybersecurity,US,2024-10-04,organic,Pro,1,1,11,1,0,Enterprise,18,3582,0,monthly,1,59,565,172626,26,28,55,2024-12-17,6,4.601769911504425,2925.864406779661,9.576271186440678,14,5.0,66.2,21.8,4.0,1.0,2024-10-05,1,88,17,1,87.0,1,"['categorical__latest_plan_tier_Enterprise', 'categorical__country_US', 'numeric__errors_per_100_usage']"
A-0f7d77,0.5091941794405449,50.9,Medium,49.1,Priority 2 - Monitor,Monitor the account and review for emerging engagement or subscription risks.,FinTech,IN,2024-10-28,partner,Pro,3,0,6,0,0,Basic,7,133,0,annual,1,30,298,93933,19,23,30,2024-12-30,1,6.375838926174497,3131.1,9.933333333333334,1,5.0,74.6,27.2,5.0,0.0,2023-11-30,1,64,4,1,397.0,1,"['numeric__subscription_count', 'numeric__days_since_last_usage', 'numeric__beta_usage_events']"
A-5f7781,0.5064750526831449,50.6,Medium,49.4,Priority 2 - Monitor,Monitor the account and review for emerging engagement or subscription risks.,DevTools,US,2024-08-20,other,Pro,22,0,5,1,0,Pro,22,1078,0,annual,1,18,183,69505,10,16,18,2024-12-25,2,5.46448087431694,3861.3888888888887,10.166666666666666,6,2.0,42.0,28.5,4.0,0.0,2024-08-14,1,133,0,0,139.0,1,"['categorical__industry_DevTools', 'numeric__subscription_count', 'categorical__country_US']"
A-9f2731,0.49908253040364875,49.9,Medium,50.1,Priority 2 - Monitor,Monitor the account and review for emerging engagement or subscription risks.,FinTech,IN,2024-10-04,event,Enterprise,1,0,7,0,1,Pro,5,0,1,annual,1,32,324,98113,20,23,30,2024-12-19,2,6.172839506172839,3066.03125,10.125,12,0.0,,,,0.0,,0,88,4,1,,0,"['numeric__has_support_tickets', 'categorical__referral_source_event', 'numeric__subscription_count']"
A-0354fe,0.4983567058705851,49.8,Medium,50.2,Priority 2 - Monitor,Monitor the account and review for emerging engagement or subscription risks.,Cybersecurity,US,2024-10-22,other,Basic,34,0,7,1,0,Basic,34,0,1,annual,1,45,463,152435,30,28,44,2024-12-31,3,6.479481641468683,3387.4444444444443,10.28888888888889,0,4.0,69.25,20.0,4.0,0.0,2024-11-30,1,70,0,0,31.0,1,"['numeric__days_since_last_usage', 'numeric__subscription_count', 'categorical__country_US']"
A-474ad4,0.4950848652896622,49.5,Medium,50.5,Priority 2 - Monitor,Monitor the account and review for emerging engagement or subscription risks.,EdTech,US,2023-11-28,organic,Basic,8,0,15,1,1,Enterprise,24,4776,0,annual,0,64,605,183355,45,34,57,2024-12-11,6,7.43801652892562,2864.921875,9.453125,20,3.0,50.66666666666666,33.0,5.0,1.0,2024-05-03,1,399,16,1,242.0,1,"['numeric__unique_features_used', 'categorical__latest_plan_tier_Enterprise', 'numeric__latest_auto_renew']"
A-de58ca,0.49249372802394703,49.2,Medium,50.8,Priority 2 - Monitor,Monitor the account and review for emerging engagement or subscription risks.,HealthTech,DE,2023-04-13,organic,Enterprise,15,0,11,0,0,Enterprise,36,7164,0,annual,1,49,505,141942,33,28,47,2024-12-21,7,6.534653465346535,2896.775510204081,10.306122448979592,10,5.0,115.0,30.6,3.333333333333333,0.0,2024-11-05,1,628,21,0,56.0,1,"['categorical__country_DE', 'categorical__latest_plan_tier_Enterprise', 'numeric__customer_tenure_days']"
A-d49cc5,0.49192924856581005,49.2,Medium,50.8,Priority 2 - Monitor,Monitor the account and review for emerging engagement or subscription risks.,Cybersecurity,FR,2023-09-19,event,Basic,50,0,8,0,0,Basic,50,950,0,monthly,1,41,436,142933,34,27,39,2024-12-28,5,7.79816513761468,3486.170731707317,10.634146341463415,3,4.0,55.25,32.0,4.5,0.0,2024-12-21,1,469,0,0,10.0,1,"['categorical__country_FR', 'categorical__referral_source_event', 'numeric__days_since_last_usage']"
A-6e08f3,0.49180223307129234,49.2,Medium,50.8,Priority 2 - Monitor,Monitor the account and review for emerging engagement or subscription risks.,Cybersecurity,US,2023-02-27,event,Basic,8,0,10,1,1,Basic,13,247,0,annual,1,50,492,149078,21,28,46,2024-12-28,7,4.2682926829268295,2981.56,9.84,3,2.0,137.0,36.5,3.5,0.0,2024-08-22,1,673,5,0,131.0,1,"['categorical__referral_source_event', 'numeric__errors_per_100_usage', 'categorical__country_US']"
A-4c6f11,0.49130185066268617,49.1,Medium,50.9,Priority 2 - Monitor,Monitor the account and review for emerging engagement or subscription risks.,FinTech,CA,2023-11-27,organic,Pro,24,1,5,0,1,Basic,24,456,0,monthly,1,24,268,84855,4,20,24,2024-12-23,1,1.4925373134328357,3535.625,11.166666666666666,8,3.0,63.0,44.66666666666666,4.333333333333333,0.0,2023-12-06,1,400,0,1,391.0,1,"['numeric__errors_per_100_usage', 'numeric__subscription_count', 'numeric__beta_usage_events']"
A-7d514c,0.49024628906652434,49.0,Medium,51.0,Priority 2 - Monitor,Monitor the account and review for emerging engagement or subscription risks.,HealthTech,DE,2024-02-03,organic,Enterprise,17,0,9,1,0,Enterprise,17,3383,0,monthly,1,48,502,146707,30,30,47,2024-12-11,7,5.9760956175298805,3056.395833333333,10.458333333333334,20,3.0,49.66666666666666,33.333333333333336,5.0,0.0,2024-12-07,1,332,0,0,24.0,1,"['categorical__country_DE', 'categorical__latest_plan_tier_Enterprise', 'numeric__average_first_response_minutes']"
A-1986ca,0.48927996463208523,48.9,Medium,51.1,Priority 2 - Monitor,Monitor the account and review for emerging engagement or subscription risks.,HealthTech,IN,2023-01-30,ads,Pro,20,0,7,1,0,Enterprise,20,3980,0,monthly,0,37,362,102382,23,26,35,2024-11-23,5,6.353591160220995,2767.0810810810813,9.783783783783784,38,7.0,106.57142857142856,36.57142857142857,3.4,0.0,2024-09-07,1,701,0,1,115.0,1,"['categorical__latest_plan_tier_Enterprise', 'numeric__subscription_count', 'numeric__latest_auto_renew']"
A-b3fe05,0.4845739988408277,48.5,Medium,51.5,Priority 2 - Monitor,Monitor the account and review for emerging engagement or subscription risks.,Cybersecurity,CA,2024-05-28,partner,Pro,8,0,9,0,0,Basic,19,0,1,annual,0,43,438,141962,18,29,43,2024-12-29,8,4.10958904109589,3301.4418604651164,10.186046511627907,2,4.0,94.25,48.25,3.0,0.0,2024-12-06,1,217,11,1,25.0,1,"['numeric__errors_per_100_usage', 'numeric__latest_auto_renew', 'numeric__days_since_last_usage']"
A-05f0e5,0.48372358147038563,48.4,Medium,51.6,Priority 2 - Monitor,Monitor the account and review for emerging engagement or subscription risks.,FinTech,US,2023-05-04,partner,Basic,32,0,12,1,0,Pro,58,2842,0,annual,1,67,706,207116,46,32,62,2024-12-30,9,6.515580736543909,3091.283582089552,10.537313432835822,1,4.0,108.5,20.0,4.0,0.0,2024-10-03,1,607,26,1,89.0,1,"['numeric__active_usage_days', 'numeric__unique_features_used', 'numeric__days_since_last_usage']"
A-f92792,0.48238093694820244,48.2,Medium,51.8,Priority 2 - Monitor,Monitor the account and review for emerging engagement or subscription risks.,FinTech,US,2024-07-04,ads,Pro,1,0,14,1,1,Basic,19,361,0,annual,0,53,528,149124,31,32,50,2024-12-27,6,5.871212121212121,2813.6603773584907,9.962264150943396,4,2.0,82.0,45.0,4.0,0.0,2024-11-24,1,180,18,1,37.0,1,"['numeric__latest_auto_renew', 'numeric__unique_features_used', 'categorical__country_US']"
A-b44e3e,0.48213017144382103,48.2,Medium,51.8,Priority 2 - Monitor,Monitor the account and review for emerging engagement or subscription risks.,Cybersecurity,UK,2024-02-12,ads,Basic,40,0,7,1,0,Enterprise,40,7960,0,annual,1,38,387,114913,13,20,37,2024-11-29,4,3.359173126614987,3024.0263157894738,10.18421052631579,32,3.0,75.33333333333333,40.0,4.333333333333333,0.0,2024-06-23,1,323,0,1,191.0,1,"['numeric__errors_per_100_usage', 'categorical__latest_plan_tier_Enterprise', 'numeric__subscription_count']"
A-bbe56f,0.481330125909161,48.1,Medium,51.9,Priority 2 - Monitor,Monitor the account and review for emerging engagement or subscription risks.,HealthTech,US,2023-02-16,ads,Enterprise,21,0,5,1,0,Basic,22,418,0,annual,1,22,232,60604,8,13,22,2024-12-02,4,3.4482758620689653,2754.7272727272725,10.545454545454543,29,4.0,120.5,26.25,4.0,0.0,2024-11-30,1,684,1,1,31.0,1,"['numeric__errors_per_100_usage', 'numeric__subscription_count', 'categorical__country_US']"
A-ad3abd,0.48087705727098057,48.1,Medium,51.9,Priority 2 - Monitor,Monitor the account and review for emerging engagement or subscription risks.,FinTech,US,2023-03-03,event,Pro,44,0,7,0,0,Pro,44,2156,0,monthly,1,29,296,94866,11,20,27,2024-11-21,1,3.716216216216216,3271.2413793103447,10.20689655172414,40,3.0,70.33333333333333,13.0,3.0,0.0,2024-11-03,1,669,0,0,58.0,1,"['categorical__referral_source_event', 'numeric__errors_per_100_usage', 'numeric__subscription_count']"
A-8e47ca,0.48040040526654565,48.0,Medium,52.0,Priority 2 - Monitor,Monitor the account and review for emerging engagement or subscription risks.,HealthTech,US,2024-02-15,organic,Pro,19,0,9,1,0,Enterprise,25,4975,0,monthly,1,46,441,133497,35,29,44,2024-12-04,2,7.936507936507936,2902.108695652174,9.58695652173913,27,5.0,80.6,33.4,4.0,1.0,2024-02-18,1,320,6,1,317.0,1,"['categorical__latest_plan_tier_Enterprise', 'categorical__country_US', 'numeric__plan_changed']"
A-029f69,0.47962781903527013,48.0,Medium,52.0,Priority 2 - Monitor,Monitor the account and review for emerging engagement or subscription risks.,Cybersecurity,CA,2024-03-07,event,Basic,3,0,16,1,0,Basic,34,646,0,annual,1,84,789,241275,42,37,80,2024-12-31,9,5.323193916349809,2872.3214285714284,9.392857142857142,0,2.0,108.0,42.0,3.0,0.0,2024-04-18,1,299,31,0,257.0,1,"['numeric__active_usage_days', 'numeric__unique_features_used', 'categorical__referral_source_event']"
A-016043,0.4781358079877911,47.8,Medium,52.2,Priority 2 - Monitor,Monitor the account and review for emerging engagement or subscription risks.,EdTech,CA,2024-07-31,organic,Basic,4,0,11,1,0,Enterprise,13,2587,0,annual,1,47,490,132075,21,26,46,2024-12-31,3,4.285714285714286,2810.106382978724,10.425531914893616,0,3.0,78.0,30.33333333333333,4.0,0.0,2024-12-11,1,153,9,1,20.0,1,"['categorical__latest_plan_tier_Enterprise', 'numeric__errors_per_100_usage', 'numeric__days_since_last_usage']"
A-7dacce,0.47723979177572173,47.7,Medium,52.3,Priority 2 - Monitor,Monitor the account and review for emerging engagement or subscription risks.,Cybersecurity,CA,2024-09-10,event,Enterprise,12,1,10,1,0,Pro,12,0,1,annual,1,48,472,145429,29,27,48,2024-12-29,5,6.1440677966101696,3029.770833333333,9.833333333333334,2,4.0,75.25,32.5,3.6666666666666665,0.0,2024-03-16,1,112,0,1,290.0,1,"['categorical__referral_source_event', 'numeric__days_since_last_usage', 'numeric__plan_changed']"
A-e1b9cd,0.47700688836564953,47.7,Medium,52.3,Priority 2 - Monitor,Monitor the account and review for emerging engagement or subscription risks.,DevTools,US,2023-02-26,event,Pro,40,1,15,0,1,Pro,40,1960,0,monthly,1,80,840,243616,47,34,80,2024-12-12,9,5.595238095238096,3045.2,10.5,19,1.0,115.0,35.0,3.0,0.0,2023-06-16,1,674,0,0,564.0,1,"['numeric__active_usage_days', 'categorical__industry_DevTools', 'categorical__referral_source_event']"
A-b7724f,0.4764064892414705,47.6,Medium,52.4,Priority 2 - Monitor,Monitor the account and review for emerging engagement or subscription risks.,HealthTech,UK,2023-03-28,organic,Basic,1,0,8,0,0,Basic,29,551,0,monthly,1,38,380,93251,16,28,37,2024-12-08,2,4.2105263157894735,2453.9736842105262,10.0,23,3.0,92.0,28.666666666666668,3.0,0.0,2024-12-30,1,644,28,0,1.0,1,"['numeric__errors_per_100_usage', 'numeric__customer_tenure_days', 'numeric__subscription_count']"
A-ad296b,0.47624401393133486,47.6,Medium,52.4,Priority 2 - Monitor,Monitor the account and review for emerging engagement or subscription risks.,DevTools,AU,2024-07-15,event,Pro,38,0,6,0,0,Pro,38,1862,0,annual,1,31,294,103805,12,24,30,2024-12-14,2,4.081632653061225,3348.548387096774,9.483870967741936,17,3.0,83.33333333333333,28.33333333333333,3.6666666666666665,1.0,2024-09-09,1,169,0,0,113.0,1,"['categorical__industry_DevTools', 'categorical__referral_source_event', 'numeric__subscription_count']"
A-3932db,0.47495135033990815,47.5,Medium,52.5,Priority 2 - Monitor,Monitor the account and review for emerging engagement or subscription risks.,HealthTech,CA,2023-10-04,other,Pro,19,1,9,1,1,Enterprise,19,0,1,monthly,1,46,434,134963,28,28,45,2024-12-21,4,6.451612903225806,2933.978260869565,9.434782608695652,10,6.0,86.5,41.0,4.333333333333333,0.0,2024-09-22,1,454,0,1,100.0,1,"['categorical__latest_plan_tier_Enterprise', 'numeric__plan_changed', 'categorical__industry_HealthTech']"
A-7e0a10,0.4730981712981622,47.3,Medium,52.7,Priority 2 - Monitor,Monitor the account and review for emerging engagement or subscription risks.,FinTech,US,2023-11-18,ads,Enterprise,46,0,10,1,0,Enterprise,70,13930,0,annual,1,50,511,173162,35,34,49,2024-12-14,5,6.849315068493151,3463.24,10.22,17,5.0,62.6,39.4,4.0,0.0,2024-12-18,1,409,24,0,13.0,1,"['numeric__unique_features_used', 'categorical__latest_plan_tier_Enterprise', 'categorical__country_US']"
A-8ae3fc,0.4725656212089497,47.3,Medium,52.7,Priority 2 - Monitor,Monitor the account and review for emerging engagement or subscription risks.,DevTools,CA,2024-06-28,ads,Pro,9,0,8,0,0,Basic,20,380,0,monthly,1,39,402,130242,30,26,39,2024-12-24,5,7.462686567164178,3339.538461538461,10.307692307692308,7,4.0,65.5,39.5,3.5,0.0,2024-04-27,1,186,11,1,248.0,1,"['categorical__industry_DevTools', 'numeric__plan_changed', 'numeric__subscription_count']"
A-484819,0.47126529173588494,47.1,Medium,52.9,Priority 2 - Monitor,Monitor the account and review for emerging engagement or subscription risks.,HealthTech,US,2023-02-21,organic,Pro,18,0,8,1,0,Enterprise,18,3582,0,monthly,1,33,336,116076,20,22,33,2024-12-21,3,5.952380952380952,3517.454545454545,10.181818181818182,10,5.0,139.6,33.2,4.5,0.0,2024-08-15,1,679,0,1,138.0,1,"['categorical__latest_plan_tier_Enterprise', 'categorical__country_US', 'numeric__customer_tenure_days']"
A-dcc2f0,0.4700260818426973,47.0,Medium,53.0,Priority 2 - Monitor,Monitor the account and review for emerging engagement or subscription risks.,FinTech,UK,2023-07-22,organic,Basic,15,0,15,1,0,Basic,32,608,0,annual,0,76,833,243699,26,35,72,2024-12-26,8,3.12124849939976,3206.565789473684,10.960526315789474,5,2.0,100.0,27.0,,0.0,2024-05-08,1,528,17,0,237.0,0,"['numeric__errors_per_100_usage', 'numeric__active_usage_days', 'numeric__unique_features_used']"
A-7cfe77,0.4681755105310117,46.8,Medium,53.2,Priority 2 - Monitor,Monitor the account and review for emerging engagement or subscription risks.,DevTools,US,2024-07-10,ads,Pro,69,0,5,1,1,Basic,69,1311,0,annual,1,19,205,57582,11,16,19,2024-12-31,1,5.365853658536586,3030.6315789473683,10.789473684210526,0,7.0,105.57142857142856,30.714285714285715,3.5,0.0,2024-10-12,1,174,0,1,80.0,1,"['categorical__industry_DevTools', 'numeric__subscription_count', 'numeric__days_since_last_usage']"
A-b179bf,0.46783219133870646,46.8,Medium,53.2,Priority 2 - Monitor,Monitor the account and review for emerging engagement or subscription risks.,Cybersecurity,IN,2024-10-27,ads,Basic,43,0,5,0,0,Pro,43,0,1,annual,1,39,398,110855,18,23,37,2024-12-17,5,4.522613065326634,2842.435897435897,10.205128205128204,14,6.0,94.33333333333331,24.666666666666668,4.0,0.0,2024-11-02,1,65,0,1,59.0,1,"['numeric__subscription_count', 'numeric__errors_per_100_usage', 'numeric__plan_changed']"
A-7f29a7,0.46727523047402314,46.7,Medium,53.3,Priority 2 - Monitor,Monitor the account and review for emerging engagement or subscription risks.,Cybersecurity,UK,2024-09-18,event,Basic,41,0,11,0,0,Basic,41,779,0,monthly,1,62,619,177209,38,32,58,2024-12-14,9,6.138933764135703,2858.209677419354,9.983870967741936,17,1.0,5.0,24.0,4.0,0.0,2024-07-08,1,104,0,0,176.0,1,"['numeric__average_first_response_minutes', 'categorical__referral_source_event', 'numeric__unique_features_used']"
A-310452,0.46691929846030494,46.7,Medium,53.3,Priority 2 - Monitor,Monitor the account and review for emerging engagement or subscription risks.,DevTools,FR,2024-12-25,other,Enterprise,9,0,5,0,0,Pro,9,441,0,annual,1,25,268,65581,16,20,23,2024-11-25,4,5.970149253731343,2623.24,10.72,36,5.0,113.6,34.2,3.6,0.0,2024-12-29,1,6,0,1,2.0,1,"['categorical__industry_DevTools', 'numeric__subscription_count', 'categorical__country_FR']"
A-ccabf0,0.46655648713447423,46.7,Medium,53.3,Priority 2 - Monitor,Monitor the account and review for emerging engagement or subscription risks.,HealthTech,IN,2023-11-06,organic,Pro,1,0,10,0,1,Basic,25,0,1,annual,1,50,506,169088,29,31,50,2024-12-30,8,5.731225296442688,3381.76,10.12,1,4.0,89.75,46.25,3.6666666666666665,0.0,2024-04-18,1,421,24,1,257.0,1,"['numeric__days_since_last_usage', 'numeric__unique_features_used', 'numeric__plan_changed']"
A-9208f0,0.46606279300024833,46.6,Medium,53.4,Priority 2 - Monitor,Monitor the account and review for emerging engagement or subscription risks.,EdTech,US,2023-05-11,organic,Pro,1,1,8,1,0,Basic,17,0,1,annual,1,53,538,158701,31,29,50,2024-12-11,6,5.762081784386617,2994.3584905660377,10.150943396226417,20,8.0,59.75,41.25,3.333333333333333,1.0,2024-12-12,1,600,16,1,19.0,1,"['categorical__country_US', 'numeric__plan_changed', 'numeric__subscription_count']"
A-9f0b68,0.46585585651101397,46.6,Medium,53.4,Priority 2 - Monitor,Monitor the account and review for emerging engagement or subscription risks.,EdTech,US,2024-04-28,ads,Basic,10,0,12,1,1,Pro,18,0,1,annual,1,70,709,194123,33,36,67,2024-12-27,12,4.65444287729196,2773.1857142857143,10.128571428571428,4,3.0,96.33333333333331,30.33333333333333,3.0,0.0,2024-12-09,1,247,8,1,22.0,1,"['numeric__unique_features_used', 'numeric__active_usage_days', 'categorical__country_US']"
A-854864,0.4644872410398075,46.4,Medium,53.6,Priority 2 - Monitor,Monitor the account and review for emerging engagement or subscription risks.,FinTech,IN,2024-12-07,event,Enterprise,20,0,6,0,0,Pro,20,980,0,annual,1,24,248,73517,10,17,24,2024-12-15,4,4.032258064516129,3063.208333333333,10.333333333333334,16,5.0,100.8,44.2,4.8,0.0,2024-07-18,1,24,0,1,166.0,1,"['categorical__referral_source_event', 'numeric__subscription_count', 'numeric__errors_per_100_usage']"
A-84ebe4,0.4635413058965166,46.4,Medium,53.6,Priority 2 - Monitor,Monitor the account and review for emerging engagement or subscription risks.,FinTech,US,2023-03-12,ads,Pro,18,1,11,0,0,Enterprise,36,7164,0,monthly,1,42,396,123655,26,27,40,2024-12-16,7,6.565656565656567,2944.1666666666665,9.428571428571429,15,4.0,135.5,29.5,4.0,0.0,2024-12-20,1,660,18,1,11.0,1,"['categorical__latest_plan_tier_Enterprise', 'categorical__country_US', 'numeric__customer_tenure_days']"
A-117171,0.4632127180307718,46.3,Medium,53.7,Priority 2 - Monitor,Monitor the account and review for emerging engagement or subscription risks.,HealthTech,FR,2024-09-12,organic,Basic,45,1,5,0,1,Pro,45,2205,0,annual,1,21,208,59864,11,15,21,2024-12-11,1,5.288461538461538,2850.6666666666665,9.904761904761903,20,6.0,68.33333333333333,32.5,3.6666666666666665,1.0,2024-12-12,1,110,0,1,19.0,1,"['numeric__subscription_count', 'categorical__country_FR', 'numeric__beta_usage_events']"
A-1e50e0,0.4607818244396931,46.1,Medium,53.9,Priority 2 - Monitor,Monitor the account and review for emerging engagement or subscription risks.,Cybersecurity,DE,2023-02-21,other,Pro,19,1,5,1,0,Enterprise,19,3781,0,annual,1,20,194,62650,15,17,19,2024-12-10,2,7.731958762886598,3132.5,9.7,21,2.0,143.0,20.5,5.0,1.0,2024-10-29,1,679,0,1,63.0,1,"['categorical__country_DE', 'numeric__subscription_count', 'categorical__latest_plan_tier_Enterprise']"
A-2f6a32,0.45988692439825757,46.0,Medium,54.0,Priority 2 - Monitor,Monitor the account and review for emerging engagement or subscription risks.,HealthTech,US,2024-08-26,organic,Basic,19,0,11,1,0,Basic,19,361,0,annual,1,66,654,207283,46,32,61,2024-12-27,6,7.033639143730887,3140.651515151515,9.909090909090908,4,2.0,72.0,41.0,3.5,0.0,2024-05-06,1,127,0,0,239.0,1,"['numeric__unique_features_used', 'numeric__active_usage_days', 'categorical__country_US']"
A-eb7fac,0.4593134229249035,45.9,Medium,54.1,Priority 2 - Monitor,Monitor the account and review for emerging engagement or subscription risks.,DevTools,US,2023-10-28,organic,Enterprise,7,0,10,0,0,Basic,26,494,0,monthly,1,53,538,185729,44,27,51,2024-12-19,6,8.178438661710038,3504.3207547169814,10.150943396226417,12,4.0,126.5,34.0,4.0,0.0,2024-04-23,1,430,19,1,252.0,1,"['categorical__industry_DevTools', 'categorical__country_US', 'numeric__plan_changed']"
A-dec005,0.45910599394195545,45.9,Medium,54.1,Priority 2 - Monitor,Monitor the account and review for emerging engagement or subscription risks.,HealthTech,US,2023-10-13,partner,Pro,21,0,10,1,0,Enterprise,54,10746,0,annual,0,51,475,145213,44,31,50,2024-12-27,6,9.263157894736842,2847.313725490196,9.31372549019608,4,2.0,152.0,59.0,3.0,0.0,2023-10-02,1,445,33,1,456.0,1,"['categorical__latest_plan_tier_Enterprise', 'numeric__latest_auto_renew', 'categorical__country_US']"
A-d5a319,0.4587640344444196,45.9,Medium,54.1,Priority 2 - Monitor,Monitor the account and review for emerging engagement or subscription risks.,FinTech,US,2023-05-04,other,Enterprise,15,1,12,1,1,Enterprise,15,2985,0,annual,1,59,604,212655,43,32,57,2024-12-20,5,7.119205298013245,3604.322033898305,10.23728813559322,11,1.0,132.0,17.0,4.0,1.0,2024-09-17,1,607,0,0,105.0,1,"['categorical__latest_plan_tier_Enterprise', 'numeric__unique_features_used', 'categorical__country_US']"
A-a7bd4b,0.45779790487737415,45.8,Medium,54.2,Priority 2 - Monitor,Monitor the account and review for emerging engagement or subscription risks.,Cybersecurity,US,2023-02-15,ads,Enterprise,5,0,11,1,0,Basic,18,342,0,monthly,1,55,576,166772,37,29,53,2024-12-28,5,6.423611111111111,3032.2181818181816,10.472727272727273,3,6.0,86.16666666666667,36.833333333333336,3.25,0.0,2024-11-07,1,685,13,1,54.0,1,"['categorical__country_US', 'numeric__days_since_last_usage', 'numeric__customer_tenure_days']"
A-f51f16,0.45761636885881224,45.8,Medium,54.2,Priority 2 - Monitor,Monitor the account and review for emerging engagement or subscription risks.,HealthTech,US,2023-12-25,partner,Enterprise,1,0,8,1,0,Basic,2,38,0,annual,1,37,384,146093,28,25,37,2024-12-08,3,7.291666666666667,3948.45945945946,10.37837837837838,23,4.0,91.0,29.25,3.0,0.0,2024-07-10,1,372,1,1,174.0,1,"['categorical__country_US', 'numeric__plan_changed', 'numeric__subscription_count']"
A-7988d1,0.45588531742814997,45.6,Medium,54.4,Priority 2 - Monitor,Monitor the account and review for emerging engagement or subscription risks.,Cybersecurity,US,2023-12-20,other,Basic,33,0,9,0,0,Basic,33,0,1,monthly,1,46,449,138265,28,31,45,2024-12-23,7,6.23608017817372,3005.760869565217,9.76086956521739,8,3.0,65.33333333333333,35.333333333333336,4.333333333333333,0.0,2024-11-26,1,377,0,0,35.0,1,"['categorical__country_US', 'numeric__unique_features_used', 'numeric__days_since_last_usage']"
A-779e4e,0.4530315556315078,45.3,Medium,54.7,Priority 2 - Monitor,Monitor the account and review for emerging engagement or subscription risks.,HealthTech,US,2023-01-02,organic,Basic,5,0,10,1,1,Basic,98,1862,0,annual,1,44,393,111038,20,28,41,2024-12-20,6,5.089058524173027,2523.590909090909,8.931818181818182,11,5.0,91.6,26.6,4.0,0.0,2024-11-03,1,729,93,0,58.0,1,"['numeric__average_usage_per_event', 'categorical__country_US', 'numeric__customer_tenure_days']"
A-462d45,0.4528538109828998,45.3,Medium,54.7,Priority 2 - Monitor,Monitor the account and review for emerging engagement or subscription risks.,Cybersecurity,US,2024-01-15,partner,Enterprise,11,0,12,1,1,Pro,30,1470,0,annual,1,69,642,159561,26,34,64,2024-12-16,8,4.049844236760125,2312.478260869565,9.304347826086955,15,4.0,95.0,26.75,4.0,0.0,2024-12-15,1,351,19,1,16.0,1,"['numeric__unique_features_used', 'numeric__errors_per_100_usage', 'numeric__active_usage_days']"
A-751c58,0.45203839615217883,45.2,Medium,54.8,Priority 2 - Monitor,Monitor the account and review for emerging engagement or subscription risks.,FinTech,UK,2024-07-18,organic,Basic,15,0,11,1,0,Basic,71,1349,0,annual,1,53,574,179405,12,31,51,2024-12-29,3,2.0905923344947737,3385.0,10.830188679245284,2,5.0,130.0,39.6,4.333333333333333,0.0,2024-11-03,1,166,56,0,58.0,1,"['numeric__errors_per_100_usage', 'numeric__days_since_last_usage', 'numeric__unique_features_used']"
A-54d94a,0.451080392364493,45.1,Medium,54.9,Priority 2 - Monitor,Monitor the account and review for emerging engagement or subscription risks.,Cybersecurity,IN,2023-05-01,event,Basic,27,0,11,1,1,Basic,27,513,0,annual,1,59,582,174162,28,30,57,2024-12-30,7,4.810996563573884,2951.898305084746,9.864406779661016,1,4.0,82.75,53.75,3.5,0.0,2024-07-25,1,610,0,0,159.0,1,"['categorical__referral_source_event', 'numeric__days_since_last_usage', 'numeric__errors_per_100_usage']"
A-ee42db,0.45102246795310386,45.1,Medium,54.9,Priority 2 - Monitor,Monitor the account and review for emerging engagement or subscription risks.,EdTech,DE,2023-04-25,ads,Enterprise,13,0,12,1,1,Basic,30,570,0,monthly,1,54,511,150876,33,31,50,2024-12-26,6,6.457925636007827,2794.0,9.462962962962964,5,4.0,98.25,33.75,3.0,0.0,2024-02-13,1,616,17,1,322.0,1,"['categorical__country_DE', 'numeric__unique_features_used', 'numeric__days_since_last_usage']"
A-bad8c1,0.4502135497003138,45.0,Medium,55.0,Priority 2 - Monitor,Monitor the account and review for emerging engagement or subscription risks.,FinTech,AU,2023-03-01,organic,Basic,7,0,7,1,0,Pro,37,1813,0,monthly,1,37,385,125675,11,29,37,2024-12-24,6,2.857142857142857,3396.6216216216217,10.405405405405403,7,1.0,49.0,27.0,4.0,0.0,2024-04-27,1,671,30,1,248.0,1,"['numeric__errors_per_100_usage', 'numeric__subscription_count', 'numeric__average_first_response_minutes']"
A-65a46c,0.44853367851744974,44.9,Medium,55.1,Priority 2 - Monitor,Monitor the account and review for emerging engagement or subscription risks.,HealthTech,US,2023-11-04,event,Pro,1,0,8,1,0,Pro,35,1715,0,annual,1,38,370,115219,21,24,36,2024-12-26,7,5.675675675675676,3032.0789473684213,9.736842105263158,5,8.0,91.125,45.125,4.0,0.0,2024-12-23,1,423,34,0,8.0,1,"['categorical__referral_source_event', 'categorical__country_US', 'numeric__days_since_last_usage']"
A-7c5768,0.4475901912020379,44.8,Medium,55.2,Priority 2 - Monitor,Monitor the account and review for emerging engagement or subscription risks.,HealthTech,UK,2024-03-02,event,Enterprise,3,0,9,0,0,Enterprise,26,0,1,monthly,1,46,461,142276,31,27,45,2024-12-02,4,6.724511930585683,3092.9565217391305,10.021739130434783,29,5.0,96.4,28.8,4.0,0.0,2024-11-21,1,304,23,0,40.0,1,"['categorical__referral_source_event', 'categorical__latest_plan_tier_Enterprise', 'categorical__industry_HealthTech']"
A-a1b80b,0.44615726301084696,44.6,Medium,55.4,Priority 2 - Monitor,Monitor the account and review for emerging engagement or subscription risks.,HealthTech,US,2023-11-27,organic,Basic,16,0,16,1,1,Pro,16,0,1,annual,1,72,749,222610,48,33,71,2024-12-27,5,6.408544726301736,3091.805555555556,10.40277777777778,4,4.0,72.5,41.0,4.0,0.0,2024-07-25,1,400,0,1,159.0,1,"['numeric__active_usage_days', 'numeric__unique_features_used', 'categorical__country_US']"
A-bb3bd4,0.44549583334694143,44.5,Medium,55.5,Priority 2 - Monitor,Monitor the account and review for emerging engagement or subscription risks.,HealthTech,US,2024-01-27,ads,Basic,23,0,7,1,0,Basic,23,437,0,annual,1,30,315,93609,11,18,29,2024-12-12,1,3.492063492063492,3120.3,10.5,19,11.0,106.36363636363636,32.72727272727273,4.142857142857143,0.0,2024-12-14,1,339,0,0,17.0,1,"['numeric__errors_per_100_usage', 'numeric__subscription_count', 'categorical__country_US']"
A-96bbc6,0.44542036278803876,44.5,Medium,55.5,Priority 2 - Monitor,Monitor the account and review for emerging engagement or subscription risks.,Cybersecurity,US,2024-05-07,organic,Enterprise,39,0,8,1,1,Basic,39,741,0,monthly,1,49,482,152806,25,30,47,2024-12-26,5,5.186721991701245,3118.4897959183672,9.83673469387755,5,3.0,67.0,51.333333333333336,3.333333333333333,0.0,2023-11-04,1,238,0,1,423.0,1,"['categorical__country_US', 'numeric__days_since_last_usage', 'numeric__plan_changed']"
A-0f6450,0.44384283404554375,44.4,Medium,55.6,Priority 2 - Monitor,Monitor the account and review for emerging engagement or subscription risks.,FinTech,US,2024-12-27,other,Pro,28,1,11,0,0,Enterprise,28,5572,0,monthly,0,54,539,174670,39,31,52,2024-11-08,8,7.235621521335807,3234.6296296296296,9.98148148148148,53,8.0,81.625,29.75,3.8333333333333335,1.0,2024-02-27,1,4,0,1,308.0,1,"['categorical__latest_plan_tier_Enterprise', 'numeric__latest_auto_renew', 'categorical__country_US']"
A-ef84cf,0.4429350206881384,44.3,Medium,55.7,Priority 2 - Monitor,Monitor the account and review for emerging engagement or subscription risks.,EdTech,US,2024-03-01,partner,Enterprise,8,0,5,0,1,Basic,8,152,0,monthly,1,28,309,100420,11,21,28,2024-12-31,3,3.559870550161812,3586.428571428572,11.035714285714286,0,5.0,79.4,34.8,4.333333333333333,1.0,2024-11-02,1,305,0,1,59.0,1,"['numeric__subscription_count', 'numeric__errors_per_100_usage', 'numeric__days_since_last_usage']"
A-ffdfd5,0.4425876928607349,44.3,Medium,55.7,Priority 2 - Monitor,Monitor the account and review for emerging engagement or subscription risks.,EdTech,US,2024-04-13,organic,Basic,3,1,10,1,0,Pro,3,147,0,monthly,1,52,529,139609,28,29,51,2024-12-21,4,5.293005671077505,2684.788461538461,10.173076923076923,10,0.0,,,,0.0,,0,262,0,1,,0,"['numeric__has_support_tickets', 'categorical__country_US', 'numeric__plan_changed']"
A-443f6f,0.44240116249040995,44.2,Medium,55.8,Priority 2 - Monitor,Monitor the account and review for emerging engagement or subscription risks.,Cybersecurity,US,2024-12-07,organic,Basic,19,0,9,1,0,Basic,19,361,0,annual,1,56,527,158149,28,31,56,2024-12-26,4,5.313092979127135,2824.089285714286,9.410714285714286,5,4.0,122.25,28.0,4.666666666666667,0.0,2024-10-29,1,24,0,0,63.0,1,"['categorical__country_US', 'numeric__unique_features_used', 'numeric__days_since_last_usage']"
A-49b828,0.44239147984216926,44.2,Medium,55.8,Priority 2 - Monitor,Monitor the account and review for emerging engagement or subscription risks.,FinTech,IN,2023-05-05,ads,Pro,6,0,14,1,0,Enterprise,20,3980,0,annual,1,65,687,187183,45,29,62,2024-12-21,10,6.550218340611353,2879.7384615384617,10.569230769230767,10,3.0,87.66666666666667,13.666666666666666,3.5,1.0,2024-10-04,1,606,14,1,88.0,1,"['categorical__latest_plan_tier_Enterprise', 'numeric__active_usage_days', 'numeric__plan_changed']"
A-ab438f,0.4404796325528523,44.0,Medium,56.0,Priority 2 - Monitor,Monitor the account and review for emerging engagement or subscription risks.,Cybersecurity,US,2024-09-13,ads,Enterprise,13,1,8,1,0,Pro,77,0,1,monthly,1,36,369,111452,12,25,36,2024-12-25,3,3.252032520325204,3095.8888888888887,10.25,6,2.0,112.5,33.5,3.5,0.0,2024-06-28,1,109,64,1,186.0,1,"['numeric__errors_per_100_usage', 'categorical__country_US', 'numeric__plan_changed']"
A-22f2df,0.43907341594016847,43.9,Medium,56.1,Priority 2 - Monitor,Monitor the account and review for emerging engagement or subscription risks.,DevTools,US,2024-12-14,ads,Basic,3,0,9,1,1,Basic,11,209,0,annual,1,42,429,119127,17,25,40,2024-12-09,5,3.962703962703962,2836.3571428571427,10.214285714285714,22,5.0,71.6,44.8,5.0,0.0,2024-06-14,1,17,8,0,200.0,1,"['categorical__industry_DevTools', 'numeric__errors_per_100_usage', 'categorical__country_US']"
A-31ab9a,0.4370876735276321,43.7,Medium,56.3,Priority 2 - Monitor,Monitor the account and review for emerging engagement or subscription risks.,FinTech,DE,2024-03-03,organic,Pro,3,0,7,0,0,Enterprise,14,2786,0,monthly,1,34,340,129917,23,19,34,2024-12-01,4,6.764705882352941,3821.0882352941176,10.0,30,7.0,67.71428571428571,43.142857142857146,3.5,0.0,2024-12-25,1,303,11,1,6.0,1,"['categorical__country_DE', 'categorical__latest_plan_tier_Enterprise', 'numeric__subscription_count']"
A-d27f50,0.43527865845389985,43.5,Medium,56.5,Priority 2 - Monitor,Monitor the account and review for emerging engagement or subscription risks.,Cybersecurity,UK,2024-07-20,ads,Enterprise,44,0,12,1,0,Basic,44,836,0,annual,0,50,481,170101,31,29,48,2024-12-19,4,6.4449064449064455,3402.02,9.62,12,4.0,116.5,37.5,3.75,0.0,2024-05-01,1,164,0,1,244.0,1,"['numeric__latest_auto_renew', 'numeric__plan_changed', 'categorical__latest_billing_frequency_annual']"
A-0532a9,0.43357139496464286,43.4,Medium,56.6,Priority 2 - Monitor,Monitor the account and review for emerging engagement or subscription risks.,FinTech,IN,2024-09-25,event,Pro,19,0,10,1,1,Pro,19,931,0,annual,0,54,519,157792,30,30,53,2024-12-25,7,5.780346820809249,2922.074074074074,9.61111111111111,6,8.0,73.375,30.75,3.0,0.0,2024-11-24,1,97,0,0,37.0,1,"['categorical__referral_source_event', 'numeric__latest_auto_renew', 'numeric__days_since_last_usage']"
A-ff3c73,0.4335168408931895,43.4,Medium,56.6,Priority 2 - Monitor,Monitor the account and review for emerging engagement or subscription risks.,HealthTech,AU,2023-01-26,other,Pro,21,0,9,1,0,Basic,21,399,0,annual,1,40,408,143989,23,29,38,2024-12-28,5,5.637254901960785,3599.725,10.2,3,2.0,97.5,35.5,3.5,0.0,2023-03-19,1,705,0,1,653.0,1,"['numeric__days_since_last_usage', 'numeric__customer_tenure_days', 'numeric__plan_changed']"
A-600734,0.4320649727912592,43.2,Medium,56.8,Priority 2 - Monitor,Monitor the account and review for emerging engagement or subscription risks.,DevTools,US,2023-11-14,organic,Pro,29,1,13,1,0,Pro,36,1764,0,monthly,1,69,660,190076,30,33,67,2024-12-26,11,4.545454545454546,2754.7246376811595,9.565217391304348,5,7.0,89.42857142857143,52.57142857142857,3.6666666666666665,1.0,2024-09-09,1,413,7,0,113.0,1,"['categorical__industry_DevTools', 'numeric__active_usage_days', 'numeric__unique_features_used']"
A-a45270,0.4312209555511516,43.1,Medium,56.9,Priority 2 - Monitor,Monitor the account and review for emerging engagement or subscription risks.,HealthTech,US,2024-06-24,ads,Enterprise,3,0,12,1,1,Basic,66,0,1,annual,1,71,733,222582,53,35,68,2024-12-25,4,7.230559345156889,3134.957746478873,10.32394366197183,6,4.0,110.0,64.0,4.0,0.0,2024-12-27,1,190,63,1,4.0,1,"['numeric__unique_features_used', 'numeric__active_usage_days', 'categorical__country_US']"
A-40906c,0.43105033257818043,43.1,Medium,56.9,Priority 2 - Monitor,Monitor the account and review for emerging engagement or subscription risks.,EdTech,US,2024-03-27,ads,Basic,92,0,12,0,0,Pro,92,4508,0,annual,1,63,685,210243,32,32,59,2024-12-03,7,4.671532846715328,3337.190476190476,10.873015873015872,28,5.0,95.0,29.2,3.75,0.0,2024-11-01,1,279,0,1,60.0,1,"['numeric__unique_features_used', 'categorical__country_US', 'numeric__active_usage_days']"
A-4ae22a,0.42608091490831473,42.6,Medium,57.4,Priority 2 - Monitor,Monitor the account and review for emerging engagement or subscription risks.,EdTech,US,2024-05-09,other,Pro,6,1,7,0,0,Basic,28,532,0,annual,1,35,369,142387,31,24,33,2024-12-28,6,8.401084010840108,4068.2,10.542857142857144,3,3.0,72.66666666666667,14.333333333333334,3.0,0.0,2024-08-09,1,236,22,1,144.0,1,"['numeric__subscription_count', 'categorical__country_US', 'numeric__days_since_last_usage']"
A-f3ff05,0.4255121490209558,42.6,Medium,57.4,Priority 2 - Monitor,Monitor the account and review for emerging engagement or subscription risks.,FinTech,IN,2024-07-06,other,Enterprise,2,0,13,1,0,Basic,30,570,0,monthly,1,66,672,210327,36,28,64,2024-12-31,4,5.357142857142857,3186.7727272727275,10.181818181818182,0,3.0,111.33333333333331,42.66666666666666,3.5,0.0,2023-12-17,1,178,28,1,380.0,1,"['numeric__active_usage_days', 'numeric__days_since_last_usage', 'numeric__plan_changed']"
A-fa3095,0.4252330152722248,42.5,Medium,57.5,Priority 2 - Monitor,Monitor the account and review for emerging engagement or subscription risks.,FinTech,US,2023-09-03,ads,Basic,70,0,12,0,0,Basic,70,1330,0,annual,1,59,600,202100,42,31,55,2024-12-15,5,7.000000000000001,3425.423728813559,10.169491525423728,16,5.0,84.0,49.2,5.0,0.0,2024-11-06,1,485,0,0,55.0,1,"['categorical__country_US', 'numeric__unique_features_used', 'numeric__active_usage_days']"
A-075038,0.4252182580458564,42.5,Medium,57.5,Priority 2 - Monitor,Monitor the account and review for emerging engagement or subscription risks.,HealthTech,UK,2023-05-12,ads,Basic,17,0,14,1,0,Basic,42,798,0,monthly,1,70,743,198728,31,32,69,2024-12-21,9,4.172274562584119,2838.9714285714285,10.614285714285714,10,2.0,54.0,43.5,3.0,0.0,2024-10-15,1,599,25,0,77.0,1,"['numeric__active_usage_days', 'numeric__errors_per_100_usage', 'numeric__unique_features_used']"
A-b78bf8,0.42459687257463385,42.5,Medium,57.5,Priority 2 - Monitor,Monitor the account and review for emerging engagement or subscription risks.,DevTools,US,2024-11-15,event,Pro,33,0,8,1,1,Pro,33,1617,0,monthly,1,42,421,123802,11,24,38,2024-12-06,7,2.6128266033254155,2947.6666666666665,10.023809523809524,25,5.0,88.8,24.2,4.2,0.0,2024-12-17,1,46,0,0,14.0,1,"['numeric__errors_per_100_usage', 'categorical__industry_DevTools', 'categorical__referral_source_event']"
A-118d55,0.42435323885811865,42.4,Medium,57.6,Priority 2 - Monitor,Monitor the account and review for emerging engagement or subscription risks.,Cybersecurity,US,2024-10-22,organic,Basic,8,0,12,1,1,Enterprise,29,5771,0,monthly,1,60,599,168143,33,29,55,2024-12-30,5,5.509181969949917,2802.383333333333,9.983333333333333,1,5.0,56.8,24.2,4.333333333333333,0.0,2024-12-09,1,70,21,1,22.0,1,"['categorical__latest_plan_tier_Enterprise', 'numeric__days_since_last_usage', 'categorical__country_US']"
A-396e5f,0.4209831441047234,42.1,Medium,57.9,Priority 2 - Monitor,Monitor the account and review for emerging engagement or subscription risks.,Cybersecurity,CA,2024-10-02,other,Enterprise,2,0,10,1,1,Pro,34,1666,0,monthly,0,55,540,175427,23,29,54,2024-12-25,5,4.25925925925926,3189.581818181818,9.818181818181818,6,5.0,102.8,24.8,4.0,1.0,2024-12-10,1,90,32,1,21.0,1,"['numeric__errors_per_100_usage', 'numeric__latest_auto_renew', 'numeric__plan_changed']"
A-d792a6,0.42041072405663193,42.0,Medium,58.0,Priority 2 - Monitor,Monitor the account and review for emerging engagement or subscription risks.,DevTools,US,2023-01-23,organic,Enterprise,4,0,15,1,1,Enterprise,65,12935,0,annual,1,68,690,203395,40,32,64,2024-12-31,7,5.797101449275362,2991.1029411764707,10.147058823529411,0,5.0,97.8,40.6,4.0,0.0,2024-12-29,1,708,61,0,2.0,1,"['categorical__industry_DevTools', 'numeric__active_usage_days', 'categorical__latest_plan_tier_Enterprise']"
A-5ed98d,0.4201253652998391,42.0,Medium,58.0,Priority 2 - Monitor,Monitor the account and review for emerging engagement or subscription risks.,DevTools,US,2024-06-22,partner,Basic,24,0,8,1,0,Basic,38,0,1,annual,1,32,312,90314,18,23,31,2024-12-15,2,5.769230769230769,2822.3125,9.75,16,5.0,91.8,35.8,5.0,0.0,2024-09-06,1,192,14,0,116.0,1,"['categorical__industry_DevTools', 'categorical__country_US', 'numeric__subscription_count']"
A-558c72,0.41976905851863844,42.0,Medium,58.0,Priority 2 - Monitor,Monitor the account and review for emerging engagement or subscription risks.,FinTech,US,2023-06-01,organic,Basic,12,0,7,1,0,Pro,15,735,0,annual,1,30,296,83537,16,19,29,2024-12-14,4,5.405405405405405,2784.5666666666666,9.866666666666667,17,4.0,79.25,64.25,4.5,1.0,2024-08-28,1,579,3,1,125.0,1,"['numeric__subscription_count', 'categorical__country_US', 'numeric__plan_changed']"
A-e693b6,0.41939038635136455,41.9,Medium,58.1,Priority 2 - Monitor,Monitor the account and review for emerging engagement or subscription risks.,FinTech,AU,2023-05-25,event,Enterprise,55,1,12,1,0,Enterprise,55,10945,0,annual,1,61,681,206167,25,31,58,2024-12-31,4,3.671071953010279,3379.786885245901,11.163934426229508,0,1.0,144.0,1.0,3.0,0.0,2023-07-06,1,586,0,0,544.0,1,"['numeric__errors_per_100_usage', 'categorical__referral_source_event', 'categorical__latest_plan_tier_Enterprise']"
A-8ae05d,0.41929557852680127,41.9,Medium,58.1,Priority 2 - Monitor,Monitor the account and review for emerging engagement or subscription risks.,FinTech,IN,2024-04-06,other,Enterprise,86,0,7,0,0,Enterprise,86,0,1,monthly,1,20,203,77446,10,16,20,2024-12-24,1,4.926108374384237,3872.3,10.15,7,1.0,48.0,47.0,4.0,0.0,2023-08-06,1,269,0,0,513.0,1,"['categorical__latest_plan_tier_Enterprise', 'numeric__subscription_count', 'numeric__average_first_response_minutes']"
A-d26ab4,0.41902338954481,41.9,Medium,58.1,Priority 2 - Monitor,Monitor the account and review for emerging engagement or subscription risks.,DevTools,UK,2024-11-07,organic,Basic,9,1,9,0,1,Enterprise,33,6567,0,monthly,1,46,458,121379,24,24,43,2024-12-09,3,5.240174672489083,2638.6739130434785,9.956521739130435,22,2.0,110.0,49.5,4.0,0.0,2023-09-28,1,54,24,1,460.0,1,"['categorical__industry_DevTools', 'categorical__latest_plan_tier_Enterprise', 'numeric__plan_changed']"
A-0be015,0.41843108581455096,41.8,Medium,58.2,Priority 2 - Monitor,Monitor the account and review for emerging engagement or subscription risks.,FinTech,US,2024-10-15,event,Pro,19,0,5,0,0,Basic,19,0,1,monthly,0,28,297,88205,13,19,28,2024-10-23,3,4.377104377104377,3150.178571428572,10.607142857142858,69,7.0,84.85714285714286,40.285714285714285,4.2,1.0,2024-12-05,1,77,0,1,26.0,1,"['numeric__subscription_count', 'categorical__referral_source_event', 'numeric__errors_per_100_usage']"
A-671f31,0.41834848853059664,41.8,Medium,58.2,Priority 2 - Monitor,Monitor the account and review for emerging engagement or subscription risks.,DevTools,US,2024-11-24,ads,Basic,59,0,6,0,1,Enterprise,82,0,1,annual,1,17,167,43449,16,13,17,2024-12-25,0,9.580838323353294,2555.823529411765,9.823529411764708,6,7.0,78.0,33.0,4.2,0.0,2024-07-24,1,37,23,1,160.0,1,"['categorical__industry_DevTools', 'numeric__subscription_count', 'categorical__latest_plan_tier_Enterprise']"
A-692f18,0.41761124690804696,41.8,Medium,58.2,Priority 2 - Monitor,Monitor the account and review for emerging engagement or subscription risks.,EdTech,US,2024-03-28,other,Basic,5,1,17,1,1,Enterprise,28,5572,0,annual,1,87,871,261911,55,36,83,2024-12-23,9,6.3145809414466125,3010.4712643678163,10.011494252873565,8,2.0,120.0,37.5,5.0,0.0,2024-11-11,1,278,23,1,50.0,1,"['numeric__active_usage_days', 'numeric__unique_features_used', 'categorical__latest_plan_tier_Enterprise']"
A-b54c01,0.4167094817324352,41.7,Medium,58.3,Priority 2 - Monitor,Monitor the account and review for emerging engagement or subscription risks.,DevTools,US,2024-09-29,event,Enterprise,29,0,4,0,0,Basic,29,551,0,annual,0,23,226,64973,17,15,21,2024-10-05,3,7.52212389380531,2824.913043478261,9.826086956521738,87,5.0,77.2,42.6,3.0,0.0,2024-01-07,1,93,0,1,359.0,1,"['numeric__subscription_count', 'categorical__industry_DevTools', 'categorical__referral_source_event']"
A-a8d89d,0.41403199489629494,41.4,Medium,58.6,Priority 2 - Monitor,Monitor the account and review for emerging engagement or subscription risks.,EdTech,US,2023-12-08,ads,Pro,13,0,12,1,0,Basic,17,323,0,annual,1,54,551,170966,26,32,54,2024-12-10,5,4.71869328493648,3166.037037037037,10.203703703703704,21,2.0,139.0,44.5,5.0,0.0,2024-03-26,1,389,4,1,280.0,1,"['numeric__unique_features_used', 'categorical__country_US', 'numeric__errors_per_100_usage']"
A-bd4513,0.41256006592190764,41.3,Medium,58.7,Priority 2 - Monitor,Monitor the account and review for emerging engagement or subscription risks.,DevTools,AU,2024-11-06,event,Enterprise,50,0,12,1,0,Basic,50,950,0,annual,1,51,507,157547,34,28,46,2024-12-29,4,6.70611439842209,3089.156862745098,9.941176470588236,2,3.0,58.66666666666666,42.0,4.666666666666667,0.0,2024-12-30,1,55,0,1,1.0,1,"['categorical__industry_DevTools', 'categorical__referral_source_event', 'numeric__days_since_last_usage']"
A-e351e1,0.40906609570635416,40.9,Medium,59.1,Priority 2 - Monitor,Monitor the account and review for emerging engagement or subscription risks.,EdTech,US,2024-09-26,other,Enterprise,33,0,5,0,0,Basic,33,627,0,annual,1,29,295,102452,22,18,27,2024-12-14,3,7.457627118644068,3532.8275862068967,10.172413793103448,17,4.0,65.25,17.0,3.75,0.0,2024-12-29,1,96,0,1,2.0,1,"['numeric__subscription_count', 'categorical__country_US', 'numeric__plan_changed']"
A-297a2d,0.40594564925931703,40.6,Medium,59.4,Priority 2 - Monitor,Monitor the account and review for emerging engagement or subscription risks.,HealthTech,UK,2023-05-05,event,Pro,27,0,5,1,0,Enterprise,27,5373,0,annual,1,25,244,70412,22,23,24,2024-11-14,6,9.01639344262295,2816.48,9.76,47,2.0,84.5,32.5,3.0,0.0,2024-05-14,1,606,0,1,231.0,1,"['numeric__subscription_count', 'categorical__referral_source_event', 'categorical__latest_plan_tier_Enterprise']"
A-0e966d,0.40498786181801705,40.5,Medium,59.5,Priority 2 - Monitor,Monitor the account and review for emerging engagement or subscription risks.,FinTech,IN,2024-06-25,ads,Basic,11,1,11,0,0,Basic,11,209,0,annual,1,64,636,197685,34,31,62,2024-12-14,11,5.345911949685535,3088.828125,9.9375,17,3.0,95.33333333333331,31.666666666666668,4.5,1.0,2024-12-01,1,189,0,0,30.0,1,"['numeric__active_usage_days', 'numeric__unique_features_used', 'categorical__latest_billing_frequency_annual']"
A-adc1f3,0.4031895042344065,40.3,Medium,59.7,Priority 2 - Monitor,Monitor the account and review for emerging engagement or subscription risks.,Cybersecurity,US,2024-08-05,organic,Pro,2,0,9,0,0,Enterprise,5,995,0,monthly,1,36,334,120133,26,24,36,2024-12-22,5,7.784431137724551,3337.027777777778,9.27777777777778,9,3.0,65.0,47.333333333333336,3.5,0.0,2023-06-12,1,148,3,1,568.0,1,"['categorical__latest_plan_tier_Enterprise', 'categorical__country_US', 'numeric__average_usage_per_event']"
A-69b156,0.4019708993398284,40.2,Medium,59.8,Priority 2 - Monitor,Monitor the account and review for emerging engagement or subscription risks.,EdTech,US,2023-11-21,other,Pro,7,1,9,0,1,Basic,8,152,0,monthly,0,36,360,102483,20,24,36,2024-12-12,2,5.555555555555555,2846.75,10.0,19,7.0,100.57142857142856,32.0,4.0,0.0,2024-09-01,1,406,1,1,121.0,1,"['numeric__latest_auto_renew', 'categorical__country_US', 'numeric__plan_changed']"
A-2ebb4b,0.40168425254547285,40.2,Medium,59.8,Priority 2 - Monitor,Monitor the account and review for emerging engagement or subscription risks.,HealthTech,US,2023-05-15,ads,Basic,41,0,10,1,0,Pro,41,2009,0,monthly,1,50,488,143502,33,27,49,2024-12-15,7,6.762295081967213,2870.04,9.76,16,2.0,136.5,43.5,3.0,0.0,2024-04-05,1,596,0,1,270.0,1,"['categorical__country_US', 'numeric__plan_changed', 'numeric__customer_tenure_days']"
A-2b9d3e,0.40153652686775887,40.2,Medium,59.8,Priority 2 - Monitor,Monitor the account and review for emerging engagement or subscription risks.,EdTech,US,2023-06-04,partner,Enterprise,1,0,9,1,0,Enterprise,2,398,0,monthly,1,45,444,142589,19,26,43,2024-12-17,5,4.27927927927928,3168.6444444444446,9.866666666666667,14,3.0,79.33333333333333,34.666666666666664,5.0,0.0,2024-06-24,1,576,1,0,190.0,1,"['categorical__latest_plan_tier_Enterprise', 'numeric__errors_per_100_usage', 'categorical__country_US']"
A-a33200,0.40062114814433875,40.1,Medium,59.9,Priority 2 - Monitor,Monitor the account and review for emerging engagement or subscription risks.,HealthTech,US,2024-09-15,partner,Basic,29,0,12,1,0,Basic,29,551,0,monthly,1,55,517,150997,26,33,53,2024-12-11,5,5.029013539651837,2745.4,9.4,20,3.0,88.33333333333333,36.333333333333336,4.5,0.0,2024-05-12,1,107,0,0,233.0,1,"['numeric__unique_features_used', 'categorical__country_US', 'numeric__average_usage_per_event']"
A-7641d3,0.40016903708773227,40.0,Medium,60.0,Priority 2 - Monitor,Monitor the account and review for emerging engagement or subscription risks.,EdTech,US,2023-02-16,partner,Pro,8,1,11,0,1,Basic,10,190,0,annual,1,50,519,164755,26,28,48,2024-12-24,4,5.009633911368015,3295.1,10.38,7,5.0,124.6,45.2,4.333333333333333,2.0,2024-12-14,1,684,2,1,17.0,1,"['categorical__country_US', 'numeric__customer_tenure_days', 'numeric__plan_changed']"
A-c37cab,0.3998580128020497,40.0,Low,60.0,Priority 3 - Routine,Continue routine monitoring and maintain normal customer engagement.,Cybersecurity,UK,2024-07-29,event,Pro,13,0,12,1,1,Basic,23,437,0,annual,1,70,708,203309,40,32,68,2024-12-30,14,5.649717514124294,2904.4142857142856,10.114285714285714,1,4.0,101.25,33.0,3.75,1.0,2024-03-28,1,155,10,1,278.0,1,"['categorical__referral_source_event', 'numeric__active_usage_days', 'numeric__unique_features_used']"
A-202b67,0.39918480613461654,39.9,Low,60.1,Priority 3 - Routine,Continue routine monitoring and maintain normal customer engagement.,HealthTech,US,2024-03-22,organic,Pro,11,0,9,1,0,Enterprise,29,5771,0,monthly,1,46,447,110514,40,29,45,2024-12-28,5,8.94854586129754,2402.478260869565,9.717391304347826,3,4.0,90.5,36.75,4.666666666666667,0.0,2024-07-28,1,284,18,1,156.0,1,"['categorical__latest_plan_tier_Enterprise', 'categorical__country_US', 'numeric__days_since_last_usage']"
A-69fad4,0.3977462948968039,39.8,Low,60.2,Priority 3 - Routine,Continue routine monitoring and maintain normal customer engagement.,FinTech,UK,2023-04-06,ads,Basic,6,1,7,0,0,Pro,13,0,1,monthly,1,39,412,124646,24,24,37,2024-12-15,4,5.825242718446602,3196.051282051282,10.564102564102564,16,4.0,116.75,43.0,3.6666666666666665,0.0,2024-09-13,1,635,7,1,109.0,1,"['numeric__subscription_count', 'numeric__plan_changed', 'numeric__customer_tenure_days']"
A-c62e55,0.39714867906474904,39.7,Low,60.3,Priority 3 - Routine,Continue routine monitoring and maintain normal customer engagement.,EdTech,US,2023-02-08,partner,Basic,1,0,9,1,0,Pro,14,686,0,annual,1,32,337,87045,13,24,32,2024-12-12,6,3.857566765578635,2720.15625,10.53125,19,4.0,101.25,27.5,4.0,0.0,2024-03-21,1,692,13,1,285.0,1,"['numeric__errors_per_100_usage', 'categorical__country_US', 'numeric__customer_tenure_days']"
A-0baac2,0.3959660059913531,39.6,Low,60.4,Priority 3 - Routine,Continue routine monitoring and maintain normal customer engagement.,FinTech,DE,2024-05-30,organic,Enterprise,14,1,6,0,0,Enterprise,14,2786,0,annual,1,21,202,73161,9,19,21,2024-10-31,0,4.455445544554455,3483.8571428571427,9.61904761904762,61,6.0,89.0,43.5,4.333333333333333,0.0,2024-09-14,1,215,0,0,108.0,1,"['categorical__country_DE', 'numeric__subscription_count', 'categorical__latest_plan_tier_Enterprise']"
A-d77f4c,0.3939240779749498,39.4,Low,60.6,Priority 3 - Routine,Continue routine monitoring and maintain normal customer engagement.,DevTools,US,2023-09-25,partner,Pro,4,0,14,1,1,Pro,4,196,0,annual,1,62,617,182046,32,31,62,2024-12-20,6,5.186385737439222,2936.2258064516127,9.951612903225806,11,2.0,75.0,31.0,4.0,0.0,2024-06-30,1,463,0,0,184.0,1,"['categorical__industry_DevTools', 'numeric__active_usage_days', 'categorical__country_US']"
A-186a44,0.39246422951810667,39.2,Low,60.8,Priority 3 - Routine,Continue routine monitoring and maintain normal customer engagement.,HealthTech,US,2023-08-07,ads,Enterprise,20,0,14,1,1,Pro,20,0,1,annual,1,61,614,205539,25,30,57,2024-11-27,7,4.071661237785016,3369.4918032786886,10.065573770491802,34,7.0,110.42857142857144,38.285714285714285,3.5,0.0,2024-12-30,1,512,0,1,1.0,1,"['numeric__errors_per_100_usage', 'categorical__country_US', 'numeric__plan_changed']"
A-977ca0,0.39137791672308125,39.1,Low,60.9,Priority 3 - Routine,Continue routine monitoring and maintain normal customer engagement.,HealthTech,IN,2023-02-20,partner,Basic,6,1,16,1,0,Pro,14,686,0,annual,1,85,893,242860,46,38,80,2024-12-24,13,5.1511758118701,2857.176470588235,10.505882352941176,7,3.0,123.0,64.0,4.0,0.0,2024-11-21,1,680,8,1,40.0,1,"['numeric__active_usage_days', 'numeric__unique_features_used', 'numeric__customer_tenure_days']"
A-eafc6e,0.3912095875312547,39.1,Low,60.9,Priority 3 - Routine,Continue routine monitoring and maintain normal customer engagement.,DevTools,US,2023-07-06,partner,Pro,27,1,7,0,0,Basic,30,0,1,monthly,1,32,300,90218,15,23,31,2024-11-30,3,5.0,2819.3125,9.375,31,1.0,136.0,64.0,,0.0,2023-07-14,1,544,3,1,536.0,0,"['categorical__industry_DevTools', 'numeric__subscription_count', 'categorical__country_US']"
A-7da956,0.3901398520683748,39.0,Low,61.0,Priority 3 - Routine,Continue routine monitoring and maintain normal customer engagement.,Cybersecurity,US,2024-06-02,event,Pro,13,0,12,1,1,Enterprise,15,2985,0,monthly,1,51,543,150431,35,28,51,2024-12-22,4,6.445672191528545,2949.627450980392,10.647058823529411,9,3.0,88.0,32.666666666666664,5.0,0.0,2024-07-12,1,212,2,1,172.0,1,"['categorical__referral_source_event', 'categorical__latest_plan_tier_Enterprise', 'categorical__country_US']"
A-902ef7,0.3899648183333075,39.0,Low,61.0,Priority 3 - Routine,Continue routine monitoring and maintain normal customer engagement.,HealthTech,US,2024-09-03,other,Enterprise,83,1,8,1,0,Basic,83,1577,0,annual,1,40,414,145878,24,31,39,2024-10-21,5,5.797101449275362,3646.95,10.35,71,2.0,85.0,48.5,4.0,0.0,2024-07-07,1,119,0,1,177.0,1,"['categorical__country_US', 'numeric__unique_features_used', 'numeric__plan_changed']"
A-3793ee,0.38986676669062587,39.0,Low,61.0,Priority 3 - Routine,Continue routine monitoring and maintain normal customer engagement.,Cybersecurity,CA,2023-03-21,organic,Enterprise,49,0,7,1,1,Enterprise,49,9751,0,monthly,0,38,352,97381,11,25,37,2024-12-19,1,3.125,2562.657894736842,9.263157894736842,12,4.0,100.25,43.75,4.0,0.0,2024-06-26,1,651,0,0,188.0,1,"['numeric__errors_per_100_usage', 'categorical__latest_plan_tier_Enterprise', 'numeric__subscription_count']"
A-65aeb5,0.3894418521889343,38.9,Low,61.1,Priority 3 - Routine,Continue routine monitoring and maintain normal customer engagement.,DevTools,US,2024-01-25,partner,Pro,9,0,12,0,1,Basic,9,171,0,annual,1,55,533,148034,40,30,53,2024-12-11,3,7.5046904315197,2691.5272727272727,9.690909090909091,20,2.0,159.5,42.5,5.0,0.0,2023-09-01,1,341,0,1,487.0,1,"['categorical__industry_DevTools', 'categorical__country_US', 'numeric__plan_changed']"
A-089363,0.3891646858519505,38.9,Low,61.1,Priority 3 - Routine,Continue routine monitoring and maintain normal customer engagement.,FinTech,AU,2023-05-06,event,Basic,2,0,14,1,0,Enterprise,9,0,1,annual,1,61,628,196491,33,30,60,2024-12-05,9,5.254777070063694,3221.1639344262294,10.295081967213116,26,3.0,91.33333333333331,35.0,3.6666666666666665,0.0,2024-09-06,1,605,7,1,116.0,1,"['categorical__referral_source_event', 'categorical__latest_plan_tier_Enterprise', 'numeric__active_usage_days']"
A-592832,0.38839595262515114,38.8,Low,61.2,Priority 3 - Routine,Continue routine monitoring and maintain normal customer engagement.,Cybersecurity,US,2024-09-25,organic,Basic,18,1,19,1,1,Pro,18,882,0,annual,0,101,1053,326283,55,38,92,2024-12-30,13,5.223171889838556,3230.524752475248,10.425742574257423,1,3.0,80.66666666666667,32.666666666666664,5.0,0.0,2024-10-27,1,97,0,1,65.0,1,"['numeric__active_usage_days', 'numeric__unique_features_used', 'numeric__latest_auto_renew']"
A-1f559b,0.3880574599088025,38.8,Low,61.2,Priority 3 - Routine,Continue routine monitoring and maintain normal customer engagement.,HealthTech,US,2023-09-04,organic,Enterprise,5,1,10,0,1,Basic,10,190,0,annual,0,40,400,117267,27,29,37,2024-11-21,4,6.75,2931.675,10.0,40,5.0,116.2,50.4,4.2,0.0,2024-12-10,1,484,5,1,21.0,1,"['numeric__latest_auto_renew', 'categorical__country_US', 'numeric__plan_changed']"
A-9affe6,0.38664044141568915,38.7,Low,61.3,Priority 3 - Routine,Continue routine monitoring and maintain normal customer engagement.,Cybersecurity,US,2023-03-22,other,Pro,7,0,11,1,0,Pro,23,1127,0,monthly,1,47,473,144853,16,26,46,2024-12-31,3,3.382663847780127,3081.978723404255,10.063829787234043,0,3.0,76.0,58.0,3.0,0.0,2024-08-19,1,650,16,0,134.0,1,"['numeric__errors_per_100_usage', 'numeric__days_since_last_usage', 'categorical__country_US']"
A-c37601,0.3856154594786995,38.6,Low,61.4,Priority 3 - Routine,Continue routine monitoring and maintain normal customer engagement.,EdTech,US,2024-10-31,partner,Basic,6,0,12,0,0,Pro,8,0,1,annual,1,48,489,131835,21,28,47,2024-12-07,3,4.294478527607362,2746.5625,10.1875,24,4.0,83.0,42.25,3.6666666666666665,0.0,2024-02-26,1,61,2,1,309.0,1,"['numeric__errors_per_100_usage', 'categorical__country_US', 'numeric__plan_changed']"
A-af0cd2,0.38434478437199004,38.4,Low,61.6,Priority 3 - Routine,Continue routine monitoring and maintain normal customer engagement.,Cybersecurity,IN,2023-01-03,other,Enterprise,19,0,11,1,0,Basic,57,1083,0,annual,1,70,687,225366,33,31,67,2024-12-19,8,4.80349344978166,3219.514285714285,9.814285714285717,12,3.0,149.33333333333334,54.333333333333336,,0.0,2024-06-27,1,728,38,1,187.0,0,"['numeric__active_usage_days', 'numeric__customer_tenure_days', 'numeric__unique_features_used']"
A-d62e02,0.38387584719024626,38.4,Low,61.6,Priority 3 - Routine,Continue routine monitoring and maintain normal customer engagement.,Cybersecurity,US,2024-08-20,partner,Pro,6,0,10,1,1,Enterprise,6,1194,0,monthly,0,34,344,126757,23,25,33,2024-12-22,4,6.686046511627906,3728.147058823529,10.117647058823527,9,1.0,31.0,36.0,4.0,0.0,2024-05-04,1,133,0,1,241.0,1,"['categorical__latest_plan_tier_Enterprise', 'numeric__average_first_response_minutes', 'numeric__latest_auto_renew']"
A-ffc04f,0.383054338693631,38.3,Low,61.7,Priority 3 - Routine,Continue routine monitoring and maintain normal customer engagement.,EdTech,US,2024-06-06,ads,Pro,13,0,15,0,1,Basic,13,247,0,monthly,1,86,857,277347,64,37,83,2024-12-09,7,7.467911318553091,3224.9651162790697,9.965116279069768,22,7.0,58.57142857142857,17.714285714285715,4.5,1.0,2024-05-13,1,208,0,1,232.0,1,"['numeric__active_usage_days', 'numeric__unique_features_used', 'categorical__country_US']"
A-313be3,0.3827407971383176,38.3,Low,61.7,Priority 3 - Routine,Continue routine monitoring and maintain normal customer engagement.,EdTech,US,2023-11-15,partner,Enterprise,47,0,11,1,0,Pro,47,2303,0,monthly,1,57,560,164545,40,33,56,2024-12-19,3,7.142857142857142,2886.754385964912,9.824561403508772,12,4.0,80.25,22.5,5.0,1.0,2024-11-09,1,412,0,1,52.0,1,"['numeric__unique_features_used', 'categorical__country_US', 'numeric__plan_changed']"
A-a09355,0.3809376816571779,38.1,Low,61.9,Priority 3 - Routine,Continue routine monitoring and maintain normal customer engagement.,FinTech,US,2024-08-10,organic,Basic,14,0,16,0,1,Pro,14,686,0,monthly,1,78,788,217064,47,33,70,2024-12-31,8,5.964467005076142,2782.871794871795,10.102564102564102,0,5.0,66.6,32.6,4.0,0.0,2024-06-03,1,143,0,1,211.0,1,"['numeric__active_usage_days', 'numeric__unique_features_used', 'numeric__days_since_last_usage']"
A-f1f639,0.38086685520372926,38.1,Low,61.9,Priority 3 - Routine,Continue routine monitoring and maintain normal customer engagement.,EdTech,US,2023-02-26,ads,Basic,2,0,4,1,0,Enterprise,9,1791,0,monthly,1,14,139,43097,10,12,13,2024-12-20,4,7.194244604316546,3078.3571428571427,9.928571428571429,11,7.0,67.57142857142857,20.0,4.8,0.0,2024-12-05,1,674,7,1,26.0,1,"['numeric__subscription_count', 'categorical__latest_plan_tier_Enterprise', 'categorical__country_US']"
A-9779ad,0.378743085019396,37.9,Low,62.1,Priority 3 - Routine,Continue routine monitoring and maintain normal customer engagement.,Cybersecurity,AU,2024-03-29,event,Pro,40,1,10,0,0,Enterprise,40,7960,0,monthly,0,43,413,109079,25,29,43,2024-12-20,3,6.053268765133172,2536.720930232558,9.604651162790695,11,3.0,116.33333333333331,20.666666666666668,5.0,0.0,2024-10-28,1,277,0,1,64.0,1,"['categorical__referral_source_event', 'categorical__latest_plan_tier_Enterprise', 'numeric__latest_auto_renew']"
A-751bd4,0.37821797141260216,37.8,Low,62.2,Priority 3 - Routine,Continue routine monitoring and maintain normal customer engagement.,Cybersecurity,UK,2024-07-12,partner,Pro,10,0,2,0,0,Pro,35,0,1,annual,1,10,92,32629,0,9,10,2024-12-18,0,0.0,3262.9,9.2,13,6.0,112.0,23.166666666666668,4.25,1.0,2024-11-13,1,172,25,0,48.0,1,"['numeric__errors_per_100_usage', 'numeric__subscription_count', 'numeric__beta_usage_events']"
A-faa28c,0.37772329339486893,37.8,Low,62.2,Priority 3 - Routine,Continue routine monitoring and maintain normal customer engagement.,HealthTech,US,2024-01-30,organic,Enterprise,48,0,14,1,0,Pro,48,2352,0,monthly,1,59,585,162007,24,25,57,2024-12-28,5,4.102564102564102,2745.8813559322034,9.915254237288137,3,4.0,115.5,52.25,4.666666666666667,1.0,2024-10-30,1,336,0,1,62.0,1,"['numeric__errors_per_100_usage', 'categorical__country_US', 'numeric__days_since_last_usage']"
A-b2225d,0.37676290442793553,37.7,Low,62.3,Priority 3 - Routine,Continue routine monitoring and maintain normal customer engagement.,FinTech,US,2024-03-08,ads,Basic,47,1,12,1,1,Basic,47,893,0,annual,1,73,696,236693,60,34,72,2024-12-08,5,8.620689655172415,3242.3698630136987,9.534246575342468,23,2.0,38.0,42.0,3.0,0.0,2024-07-10,1,298,0,0,174.0,1,"['numeric__active_usage_days', 'numeric__unique_features_used', 'numeric__average_first_response_minutes']"
A-78f02b,0.37606282297752586,37.6,Low,62.4,Priority 3 - Routine,Continue routine monitoring and maintain normal customer engagement.,HealthTech,US,2024-11-17,event,Enterprise,11,0,4,1,0,Pro,11,539,0,annual,1,20,211,62349,16,17,20,2024-11-29,3,7.582938388625592,3117.45,10.55,32,4.0,55.0,45.75,4.0,0.0,2024-10-09,1,44,0,1,83.0,1,"['numeric__subscription_count', 'categorical__referral_source_event', 'categorical__country_US']"
A-90a8c8,0.3746093825909351,37.5,Low,62.5,Priority 3 - Routine,Continue routine monitoring and maintain normal customer engagement.,FinTech,AU,2024-08-24,organic,Pro,15,0,7,1,0,Enterprise,15,2985,0,monthly,0,41,404,127486,20,23,39,2024-12-27,4,4.950495049504951,3109.414634146341,9.853658536585366,4,4.0,29.5,45.0,3.25,0.0,2024-04-07,1,129,0,1,268.0,1,"['numeric__average_first_response_minutes', 'categorical__latest_plan_tier_Enterprise', 'numeric__subscription_count']"
A-3a5ad8,0.37442747724990133,37.4,Low,62.6,Priority 3 - Routine,Continue routine monitoring and maintain normal customer engagement.,HealthTech,US,2023-12-05,organic,Enterprise,9,0,13,1,1,Enterprise,22,0,1,annual,1,52,506,127878,23,27,51,2024-12-15,7,4.545454545454546,2459.192307692308,9.73076923076923,16,4.0,53.5,44.75,4.5,0.0,2024-12-26,1,392,13,0,5.0,1,"['categorical__latest_plan_tier_Enterprise', 'categorical__country_US', 'numeric__errors_per_100_usage']"
A-5fe118,0.37419843272014075,37.4,Low,62.6,Priority 3 - Routine,Continue routine monitoring and maintain normal customer engagement.,Cybersecurity,US,2024-11-07,other,Enterprise,39,0,5,0,0,Basic,39,0,1,monthly,1,21,233,59902,12,14,21,2024-12-19,5,5.150214592274678,2852.4761904761904,11.095238095238097,12,1.0,26.0,19.0,4.0,0.0,2023-07-25,1,54,0,1,525.0,1,"['numeric__subscription_count', 'numeric__average_first_response_minutes', 'categorical__country_US']"
A-e98302,0.3723899272514638,37.2,Low,62.8,Priority 3 - Routine,Continue routine monitoring and maintain normal customer engagement.,EdTech,US,2023-12-26,ads,Enterprise,16,0,6,0,0,Pro,58,2842,0,annual,1,30,273,88751,18,21,27,2024-12-12,3,6.593406593406594,2958.366666666667,9.1,19,9.0,99.44444444444444,44.44444444444444,4.142857142857143,0.0,2024-11-25,1,371,42,1,36.0,1,"['numeric__subscription_count', 'categorical__country_US', 'numeric__average_usage_per_event']"
A-cc8c8f,0.37227357536512284,37.2,Low,62.8,Priority 3 - Routine,Continue routine monitoring and maintain normal customer engagement.,DevTools,US,2024-06-16,ads,Enterprise,23,0,7,1,1,Basic,48,0,1,annual,1,28,268,66983,18,20,28,2024-11-21,1,6.7164179104477615,2392.25,9.571428571428571,40,2.0,123.0,14.5,3.5,0.0,2023-11-30,1,198,25,1,397.0,1,"['categorical__industry_DevTools', 'numeric__subscription_count', 'categorical__country_US']"
A-9badbd,0.3693713966285349,36.9,Low,63.1,Priority 3 - Routine,Continue routine monitoring and maintain normal customer engagement.,Cybersecurity,DE,2024-06-19,ads,Enterprise,5,0,13,0,0,Enterprise,59,11741,0,monthly,1,70,729,220382,45,33,69,2024-12-25,8,6.172839506172839,3148.3142857142857,10.414285714285716,6,5.0,102.6,30.2,5.0,0.0,2024-10-12,1,195,54,0,80.0,1,"['categorical__country_DE', 'numeric__active_usage_days', 'numeric__unique_features_used']"
A-cc1d8d,0.3664281541617182,36.6,Low,63.4,Priority 3 - Routine,Continue routine monitoring and maintain normal customer engagement.,FinTech,US,2024-12-08,other,Pro,5,0,13,1,1,Enterprise,6,1194,0,annual,1,63,618,204365,48,33,58,2024-12-15,11,7.766990291262135,3243.8888888888887,9.80952380952381,16,5.0,99.2,30.2,4.5,0.0,2024-08-06,1,23,1,1,147.0,1,"['numeric__unique_features_used', 'categorical__latest_plan_tier_Enterprise', 'categorical__country_US']"
A-80eeb6,0.3660500301333661,36.6,Low,63.4,Priority 3 - Routine,Continue routine monitoring and maintain normal customer engagement.,Cybersecurity,UK,2023-05-09,organic,Enterprise,22,0,16,1,1,Enterprise,22,4378,0,annual,1,76,725,221904,43,38,71,2024-12-23,9,5.931034482758621,2919.7894736842104,9.539473684210526,8,4.0,68.25,40.25,3.6666666666666665,1.0,2023-08-02,1,602,0,0,517.0,1,"['numeric__unique_features_used', 'numeric__active_usage_days', 'categorical__latest_plan_tier_Enterprise']"
A-65c341,0.3639039207286997,36.4,Low,63.6,Priority 3 - Routine,Continue routine monitoring and maintain normal customer engagement.,FinTech,US,2023-12-26,ads,Pro,11,0,8,0,0,Pro,39,1911,0,monthly,1,38,410,147068,18,25,35,2024-12-25,4,4.390243902439024,3870.2105263157896,10.789473684210526,6,5.0,87.8,41.4,4.0,0.0,2024-05-06,1,371,28,0,239.0,1,"['numeric__errors_per_100_usage', 'categorical__country_US', 'numeric__subscription_count']"
A-91e948,0.3637686850734027,36.4,Low,63.6,Priority 3 - Routine,Continue routine monitoring and maintain normal customer engagement.,EdTech,AU,2023-01-29,partner,Basic,41,0,7,1,0,Enterprise,41,8159,0,monthly,1,40,404,115260,16,23,40,2024-12-26,0,3.96039603960396,2881.5,10.1,5,0.0,,,,0.0,,0,702,0,1,,0,"['numeric__has_support_tickets', 'numeric__errors_per_100_usage', 'categorical__latest_plan_tier_Enterprise']"
A-eb1312,0.363119190643978,36.3,Low,63.7,Priority 3 - Routine,Continue routine monitoring and maintain normal customer engagement.,FinTech,US,2024-09-16,partner,Pro,25,0,12,1,0,Basic,25,475,0,annual,1,65,663,188047,38,31,60,2024-12-18,4,5.731523378582202,2893.030769230769,10.2,13,1.0,117.0,68.0,5.0,0.0,2023-09-04,1,106,0,1,484.0,1,"['categorical__country_US', 'numeric__active_usage_days', 'numeric__unique_features_used']"
A-5c9849,0.3590433073748911,35.9,Low,64.1,Priority 3 - Routine,Continue routine monitoring and maintain normal customer engagement.,EdTech,IN,2024-11-03,partner,Basic,19,0,9,1,0,Pro,19,931,0,monthly,0,46,473,151483,23,30,44,2024-12-18,2,4.862579281183932,3293.108695652174,10.282608695652174,13,4.0,41.0,59.5,,1.0,2024-01-31,1,58,0,1,335.0,0,"['numeric__latest_auto_renew', 'numeric__average_first_response_minutes', 'numeric__plan_changed']"
A-6843f2,0.35862772351551264,35.9,Low,64.1,Priority 3 - Routine,Continue routine monitoring and maintain normal customer engagement.,HealthTech,CA,2024-12-10,ads,Enterprise,21,0,9,0,1,Pro,23,1127,0,annual,1,46,481,126424,17,24,44,2024-11-26,3,3.5343035343035343,2748.3478260869565,10.456521739130435,35,2.0,78.0,36.5,3.0,0.0,2024-04-27,1,21,2,1,248.0,1,"['numeric__errors_per_100_usage', 'numeric__plan_changed', 'categorical__industry_HealthTech']"
A-1f0ac7,0.3585981838175829,35.9,Low,64.1,Priority 3 - Routine,Continue routine monitoring and maintain normal customer engagement.,HealthTech,UK,2023-08-27,other,Basic,24,0,7,1,0,Pro,24,1176,0,monthly,1,41,382,102528,21,26,40,2024-12-11,5,5.49738219895288,2500.682926829268,9.317073170731708,20,2.0,174.0,29.0,,0.0,2024-04-12,1,492,0,1,263.0,0,"['numeric__subscription_count', 'numeric__plan_changed', 'numeric__average_usage_per_event']"
A-eb7c38,0.35745906262911803,35.7,Low,64.3,Priority 3 - Routine,Continue routine monitoring and maintain normal customer engagement.,DevTools,AU,2024-02-25,organic,Enterprise,5,0,15,1,1,Basic,33,627,0,annual,1,70,693,203946,27,33,66,2024-12-15,6,3.896103896103896,2913.514285714285,9.9,16,5.0,67.4,22.4,4.333333333333333,0.0,2024-07-14,1,310,28,1,170.0,1,"['categorical__industry_DevTools', 'numeric__errors_per_100_usage', 'numeric__active_usage_days']"
A-4814a3,0.3564757318197395,35.6,Low,64.4,Priority 3 - Routine,Continue routine monitoring and maintain normal customer engagement.,Cybersecurity,IN,2024-09-17,event,Basic,87,1,11,1,1,Pro,87,4263,0,monthly,1,60,587,168767,45,35,58,2024-12-23,7,7.666098807495741,2812.7833333333333,9.783333333333331,8,4.0,97.0,18.75,4.0,1.0,2024-02-15,1,105,0,1,320.0,1,"['numeric__unique_features_used', 'categorical__referral_source_event', 'numeric__active_usage_days']"
A-86fc1d,0.35559402568831194,35.6,Low,64.4,Priority 3 - Routine,Continue routine monitoring and maintain normal customer engagement.,DevTools,UK,2024-07-26,partner,Basic,26,0,9,1,0,Basic,26,0,1,monthly,1,37,363,111108,26,26,37,2024-12-30,3,7.162534435261708,3002.9189189189187,9.81081081081081,1,5.0,59.2,27.0,4.0,0.0,2024-12-24,1,158,0,0,7.0,1,"['categorical__industry_DevTools', 'numeric__days_since_last_usage', 'numeric__average_first_response_minutes']"
A-ad64c6,0.35175930572104,35.2,Low,64.8,Priority 3 - Routine,Continue routine monitoring and maintain normal customer engagement.,DevTools,UK,2024-02-23,event,Pro,12,0,6,0,0,Enterprise,28,5572,0,annual,1,20,215,79605,18,16,19,2024-11-11,2,8.372093023255815,3980.25,10.75,50,4.0,98.5,34.0,5.0,0.0,2024-11-04,1,312,16,1,57.0,1,"['categorical__industry_DevTools', 'categorical__referral_source_event', 'numeric__subscription_count']"
A-98a59a,0.347668004158936,34.8,Low,65.2,Priority 3 - Routine,Continue routine monitoring and maintain normal customer engagement.,FinTech,UK,2023-08-04,partner,Enterprise,56,0,10,1,1,Pro,56,2744,0,annual,1,44,455,124429,21,27,43,2024-12-31,8,4.615384615384616,2827.931818181818,10.340909090909092,0,3.0,74.0,37.333333333333336,4.5,0.0,2024-12-18,1,515,0,1,13.0,1,"['numeric__days_since_last_usage', 'numeric__errors_per_100_usage', 'numeric__plan_changed']"
A-b20d99,0.34737497518953786,34.7,Low,65.3,Priority 3 - Routine,Continue routine monitoring and maintain normal customer engagement.,HealthTech,IN,2023-09-27,other,Basic,20,0,7,1,0,Enterprise,20,3980,0,monthly,1,33,329,105214,12,22,32,2024-09-23,5,3.64741641337386,3188.3030303030305,9.969696969696969,99,2.0,27.0,61.5,3.5,0.0,2023-08-08,1,461,0,1,511.0,1,"['numeric__errors_per_100_usage', 'numeric__average_first_response_minutes', 'categorical__latest_plan_tier_Enterprise']"
A-35083d,0.3467935480740653,34.7,Low,65.3,Priority 3 - Routine,Continue routine monitoring and maintain normal customer engagement.,HealthTech,IN,2023-04-28,partner,Basic,19,1,16,1,0,Enterprise,49,9751,0,monthly,1,72,791,237055,37,29,70,2024-12-29,7,4.677623261694058,3292.430555555556,10.98611111111111,2,4.0,119.0,49.75,5.0,0.0,2024-09-27,1,613,30,1,95.0,1,"['numeric__active_usage_days', 'categorical__latest_plan_tier_Enterprise', 'numeric__days_since_last_usage']"
A-3a7284,0.34590942659265395,34.6,Low,65.4,Priority 3 - Routine,Continue routine monitoring and maintain normal customer engagement.,FinTech,US,2024-11-17,organic,Enterprise,31,0,12,1,1,Pro,31,1519,0,annual,1,60,609,191562,30,33,59,2024-12-22,9,4.926108374384237,3192.7,10.15,9,3.0,104.33333333333331,56.333333333333336,3.5,0.0,2024-08-16,1,44,0,1,137.0,1,"['numeric__unique_features_used', 'categorical__country_US', 'numeric__active_usage_days']"
A-cc102e,0.3446634834888181,34.5,Low,65.5,Priority 3 - Routine,Continue routine monitoring and maintain normal customer engagement.,HealthTech,US,2024-04-15,partner,Enterprise,13,0,10,1,0,Basic,13,247,0,annual,1,43,394,121564,39,26,43,2024-12-28,5,9.898477157360407,2827.0697674418607,9.16279069767442,3,4.0,109.0,33.25,4.333333333333333,0.0,2024-10-17,1,260,0,1,75.0,1,"['categorical__country_US', 'numeric__days_since_last_usage', 'numeric__average_usage_per_event']"
A-d4e0d4,0.34371355379774304,34.4,Low,65.6,Priority 3 - Routine,Continue routine monitoring and maintain normal customer engagement.,FinTech,US,2024-10-18,other,Basic,117,0,10,1,1,Enterprise,117,23283,0,annual,1,49,488,144771,33,30,47,2024-12-04,6,6.762295081967213,2954.5102040816328,9.959183673469388,27,4.0,76.25,39.25,4.0,0.0,2024-08-18,1,74,0,1,135.0,1,"['categorical__latest_plan_tier_Enterprise', 'categorical__country_US', 'numeric__plan_changed']"
A-c58f49,0.34231826322502135,34.2,Low,65.8,Priority 3 - Routine,Continue routine monitoring and maintain normal customer engagement.,EdTech,US,2024-07-31,other,Enterprise,70,0,7,1,0,Enterprise,70,13930,0,annual,1,38,363,108540,22,24,36,2024-12-09,3,6.0606060606060606,2856.315789473684,9.552631578947368,22,3.0,60.0,36.333333333333336,5.0,1.0,2024-09-18,1,153,0,0,104.0,1,"['categorical__latest_plan_tier_Enterprise', 'numeric__subscription_count', 'categorical__country_US']"
A-bb2f49,0.34210445433348485,34.2,Low,65.8,Priority 3 - Routine,Continue routine monitoring and maintain normal customer engagement.,Cybersecurity,US,2023-05-28,other,Pro,8,0,11,1,1,Pro,28,1372,0,monthly,0,60,618,190070,42,31,60,2024-12-30,2,6.796116504854369,3167.833333333333,10.3,1,3.0,102.33333333333331,22.33333333333333,4.0,0.0,2024-03-29,1,583,20,0,277.0,1,"['numeric__latest_auto_renew', 'numeric__days_since_last_usage', 'categorical__country_US']"
A-a865bd,0.33966609494980154,34.0,Low,66.0,Priority 3 - Routine,Continue routine monitoring and maintain normal customer engagement.,Cybersecurity,US,2023-09-19,organic,Pro,38,0,5,0,0,Pro,56,2744,0,monthly,0,24,230,60120,13,19,23,2024-12-18,3,5.652173913043479,2505.0,9.583333333333334,13,2.0,21.5,31.5,3.0,0.0,2024-11-22,1,469,18,0,39.0,1,"['numeric__subscription_count', 'numeric__average_first_response_minutes', 'numeric__latest_auto_renew']"
A-781cc0,0.3379543430175761,33.8,Low,66.2,Priority 3 - Routine,Continue routine monitoring and maintain normal customer engagement.,EdTech,US,2024-09-04,organic,Pro,12,0,16,1,0,Basic,12,228,0,annual,1,87,864,270008,42,31,81,2024-12-30,7,4.861111111111112,3103.5402298850577,9.93103448275862,1,4.0,106.0,57.5,3.6666666666666665,0.0,2024-12-17,1,118,0,1,14.0,1,"['numeric__active_usage_days', 'numeric__days_since_last_usage', 'categorical__country_US']"
A-1d5444,0.3364327529957224,33.6,Low,66.4,Priority 3 - Routine,Continue routine monitoring and maintain normal customer engagement.,Cybersecurity,US,2024-01-18,partner,Basic,24,1,14,1,0,Basic,24,0,1,annual,0,59,592,182031,35,28,57,2024-12-21,6,5.912162162162162,3085.271186440678,10.033898305084746,10,2.0,62.5,30.0,4.0,0.0,2024-12-11,1,348,0,0,20.0,1,"['numeric__latest_auto_renew', 'categorical__country_US', 'numeric__active_usage_days']"
A-44dc83,0.33598071558520326,33.6,Low,66.4,Priority 3 - Routine,Continue routine monitoring and maintain normal customer engagement.,EdTech,FR,2024-05-12,other,Basic,5,0,4,0,0,Enterprise,13,0,1,annual,1,24,248,81119,13,16,24,2024-10-09,3,5.241935483870968,3379.958333333333,10.333333333333334,83,7.0,76.14285714285714,40.85714285714285,4.6,0.0,2024-09-15,1,233,8,1,107.0,1,"['numeric__subscription_count', 'categorical__country_FR', 'categorical__latest_plan_tier_Enterprise']"
A-684255,0.334771789061732,33.5,Low,66.5,Priority 3 - Routine,Continue routine monitoring and maintain normal customer engagement.,FinTech,US,2024-04-14,ads,Enterprise,9,0,14,1,1,Basic,9,0,1,annual,1,66,653,191849,44,34,65,2024-12-08,15,6.738131699846861,2906.8030303030305,9.893939393939394,23,4.0,97.75,14.25,4.666666666666667,1.0,2024-08-11,1,261,0,1,142.0,1,"['numeric__unique_features_used', 'numeric__active_usage_days', 'categorical__country_US']"
A-13466a,0.3343668498648187,33.4,Low,66.6,Priority 3 - Routine,Continue routine monitoring and maintain normal customer engagement.,DevTools,AU,2023-10-22,event,Basic,2,1,6,0,0,Basic,9,171,0,annual,1,22,205,57539,14,17,22,2024-12-19,2,6.829268292682928,2615.409090909091,9.318181818181818,12,3.0,94.33333333333331,32.333333333333336,4.333333333333333,1.0,2024-11-04,1,436,7,0,57.0,1,"['categorical__industry_DevTools', 'categorical__referral_source_event', 'numeric__subscription_count']"
A-560d27,0.33429599764016477,33.4,Low,66.6,Priority 3 - Routine,Continue routine monitoring and maintain normal customer engagement.,DevTools,US,2024-05-05,organic,Pro,23,0,12,1,0,Basic,29,0,1,annual,1,59,587,185616,38,27,57,2024-10-28,6,6.473594548551959,3146.0338983050847,9.94915254237288,64,4.0,59.75,30.75,3.6666666666666665,0.0,2024-02-28,1,240,6,1,307.0,1,"['categorical__industry_DevTools', 'categorical__country_US', 'numeric__plan_changed']"
A-1e6fc3,0.3337173131038566,33.4,Low,66.6,Priority 3 - Routine,Continue routine monitoring and maintain normal customer engagement.,EdTech,FR,2023-12-06,other,Pro,1,0,4,0,0,Enterprise,1,199,0,annual,1,26,244,85274,19,19,26,2024-10-04,1,7.786885245901639,3279.769230769231,9.384615384615383,88,5.0,88.6,23.8,3.6666666666666665,0.0,2024-03-08,1,391,0,1,298.0,1,"['numeric__subscription_count', 'categorical__country_FR', 'categorical__latest_plan_tier_Enterprise']"
A-2d1036,0.33205176959424404,33.2,Low,66.8,Priority 3 - Routine,Continue routine monitoring and maintain normal customer engagement.,FinTech,US,2024-06-14,ads,Pro,69,1,13,0,1,Pro,69,3381,0,monthly,0,69,692,181335,40,31,66,2024-12-30,10,5.780346820809249,2628.043478260869,10.028985507246375,1,5.0,49.0,37.8,4.6,1.0,2024-11-30,1,200,0,0,31.0,1,"['numeric__active_usage_days', 'numeric__latest_auto_renew', 'numeric__days_since_last_usage']"
A-94f8c9,0.3288337886171395,32.9,Low,67.1,Priority 3 - Routine,Continue routine monitoring and maintain normal customer engagement.,HealthTech,US,2024-03-29,other,Basic,13,0,16,1,1,Enterprise,13,2587,0,monthly,1,77,746,204124,63,33,73,2024-12-03,7,8.445040214477212,2650.961038961039,9.688311688311687,28,3.0,87.66666666666667,47.333333333333336,5.0,0.0,2024-08-30,1,277,0,1,123.0,1,"['numeric__active_usage_days', 'numeric__unique_features_used', 'categorical__latest_plan_tier_Enterprise']"
A-5247b3,0.3283604264208225,32.8,Low,67.2,Priority 3 - Routine,Continue routine monitoring and maintain normal customer engagement.,FinTech,UK,2024-03-12,partner,Pro,16,0,11,1,0,Basic,74,1406,0,annual,1,60,610,177212,29,32,57,2024-12-06,9,4.754098360655737,2953.5333333333333,10.166666666666666,25,5.0,96.6,45.8,4.0,0.0,2024-09-08,1,294,58,1,114.0,1,"['numeric__unique_features_used', 'numeric__errors_per_100_usage', 'numeric__plan_changed']"
A-c43359,0.32831363725112084,32.8,Low,67.2,Priority 3 - Routine,Continue routine monitoring and maintain normal customer engagement.,FinTech,US,2024-11-16,organic,Pro,38,0,8,1,1,Basic,38,722,0,monthly,1,47,461,147051,32,28,47,2024-12-29,5,6.941431670281996,3128.744680851064,9.808510638297872,2,3.0,107.33333333333331,26.666666666666668,4.0,0.0,2024-05-23,1,45,0,1,222.0,1,"['categorical__country_US', 'numeric__days_since_last_usage', 'numeric__plan_changed']"
A-fda07f,0.32760268919609575,32.8,Low,67.2,Priority 3 - Routine,Continue routine monitoring and maintain normal customer engagement.,Cybersecurity,FR,2024-08-11,partner,Basic,7,0,12,1,1,Basic,14,266,0,monthly,1,65,681,231376,39,31,62,2024-12-31,4,5.726872246696035,3559.630769230769,10.476923076923075,0,5.0,57.0,17.8,4.0,0.0,2024-09-01,1,142,7,0,121.0,1,"['categorical__country_FR', 'numeric__active_usage_days', 'numeric__days_since_last_usage']"
A-1f0636,0.32701688838099113,32.7,Low,67.3,Priority 3 - Routine,Continue routine monitoring and maintain normal customer engagement.,EdTech,AU,2024-01-01,partner,Pro,105,0,11,1,0,Enterprise,105,20895,0,annual,0,68,685,212120,30,32,67,2024-12-29,4,4.37956204379562,3119.4117647058824,10.073529411764708,2,2.0,75.0,38.5,3.5,0.0,2024-08-22,1,365,0,1,131.0,1,"['numeric__active_usage_days', 'categorical__latest_plan_tier_Enterprise', 'numeric__errors_per_100_usage']"
A-7c6b6b,0.3261337952188767,32.6,Low,67.4,Priority 3 - Routine,Continue routine monitoring and maintain normal customer engagement.,FinTech,US,2024-11-30,other,Basic,6,0,7,0,0,Pro,23,1127,0,monthly,1,35,311,82471,24,22,32,2024-12-07,5,7.717041800643088,2356.3142857142857,8.885714285714286,24,5.0,82.4,52.2,4.333333333333333,0.0,2024-09-10,1,31,17,1,112.0,1,"['numeric__average_usage_per_event', 'numeric__subscription_count', 'categorical__country_US']"
A-0aaf6e,0.32613176779158526,32.6,Low,67.4,Priority 3 - Routine,Continue routine monitoring and maintain normal customer engagement.,FinTech,US,2024-05-11,organic,Enterprise,3,0,9,0,0,Enterprise,18,3582,0,monthly,1,57,599,172442,39,25,55,2024-12-23,6,6.51085141903172,3025.2982456140357,10.508771929824562,8,5.0,75.4,45.0,4.0,0.0,2024-10-13,1,234,15,0,79.0,1,"['categorical__latest_plan_tier_Enterprise', 'categorical__country_US', 'numeric__active_usage_days']"
A-4ef964,0.3237384315679287,32.4,Low,67.6,Priority 3 - Routine,Continue routine monitoring and maintain normal customer engagement.,HealthTech,US,2024-03-07,organic,Pro,17,0,9,0,0,Pro,28,1372,0,monthly,1,49,487,150663,33,31,49,2024-12-23,6,6.776180698151952,3074.7551020408164,9.93877551020408,8,3.0,86.33333333333333,42.66666666666666,4.0,0.0,2024-11-25,1,299,11,0,36.0,1,"['categorical__country_US', 'numeric__unique_features_used', 'categorical__industry_HealthTech']"
A-3cc791,0.3216617838511556,32.2,Low,67.8,Priority 3 - Routine,Continue routine monitoring and maintain normal customer engagement.,EdTech,US,2024-01-10,other,Enterprise,6,0,8,0,0,Pro,36,1764,0,monthly,1,46,447,149032,30,28,44,2024-11-25,5,6.711409395973154,3239.826086956521,9.717391304347826,36,6.0,95.83333333333331,48.333333333333336,4.25,1.0,2024-12-09,1,356,30,1,22.0,1,"['categorical__country_US', 'numeric__plan_changed', 'numeric__subscription_count']"
A-e19ff6,0.3168256601295933,31.7,Low,68.3,Priority 3 - Routine,Continue routine monitoring and maintain normal customer engagement.,Cybersecurity,UK,2023-07-28,partner,Enterprise,1,0,12,1,0,Pro,26,1274,0,monthly,0,45,456,144844,24,26,45,2024-12-16,1,5.263157894736842,3218.7555555555555,10.133333333333333,15,3.0,115.0,30.666666666666668,4.666666666666667,0.0,2024-01-09,1,522,25,1,357.0,1,"['numeric__latest_auto_renew', 'numeric__beta_usage_events', 'numeric__plan_changed']"
A-bbc346,0.3167814888324497,31.7,Low,68.3,Priority 3 - Routine,Continue routine monitoring and maintain normal customer engagement.,FinTech,US,2024-08-29,partner,Enterprise,19,0,13,1,1,Pro,19,0,1,annual,1,62,650,179376,37,34,60,2024-12-23,6,5.6923076923076925,2893.1612903225805,10.483870967741936,8,3.0,102.66666666666669,45.333333333333336,4.5,0.0,2024-09-05,1,124,0,1,117.0,1,"['numeric__unique_features_used', 'categorical__country_US', 'numeric__active_usage_days']"
A-354f12,0.3151821037302538,31.5,Low,68.5,Priority 3 - Routine,Continue routine monitoring and maintain normal customer engagement.,FinTech,US,2024-04-28,ads,Pro,1,0,4,0,1,Basic,7,133,0,monthly,1,15,158,48510,3,14,15,2024-12-16,1,1.89873417721519,3234.0,10.533333333333331,15,2.0,137.5,56.5,,0.0,2023-08-13,1,247,6,1,506.0,0,"['numeric__errors_per_100_usage', 'numeric__subscription_count', 'categorical__country_US']"
A-ae052e,0.31478788784643524,31.5,Low,68.5,Priority 3 - Routine,Continue routine monitoring and maintain normal customer engagement.,FinTech,CA,2023-09-11,other,Basic,39,0,6,1,1,Basic,39,0,1,annual,1,29,300,88383,12,24,28,2024-12-01,6,4.0,3047.689655172414,10.344827586206897,30,4.0,60.5,31.25,4.0,0.0,2024-01-02,1,477,0,0,364.0,1,"['numeric__subscription_count', 'numeric__errors_per_100_usage', 'numeric__average_first_response_minutes']"
A-bcbe98,0.3143097251245806,31.4,Low,68.6,Priority 3 - Routine,Continue routine monitoring and maintain normal customer engagement.,Cybersecurity,US,2024-07-29,other,Enterprise,46,0,11,1,1,Basic,46,874,0,monthly,1,65,635,173619,43,34,59,2024-12-14,12,6.771653543307086,2671.0615384615385,9.76923076923077,17,7.0,61.57142857142857,38.285714285714285,4.0,1.0,2024-09-16,1,155,0,1,106.0,1,"['numeric__unique_features_used', 'categorical__country_US', 'numeric__active_usage_days']"
A-fb186e,0.3131723457246076,31.3,Low,68.7,Priority 3 - Routine,Continue routine monitoring and maintain normal customer engagement.,EdTech,IN,2024-10-27,organic,Basic,29,0,3,0,0,Enterprise,29,0,1,annual,1,20,207,72170,7,15,19,2024-10-28,3,3.3816425120772946,3608.5,10.35,64,6.0,81.0,26.166666666666668,3.6666666666666665,0.0,2024-07-28,1,65,0,1,156.0,1,"['numeric__subscription_count', 'numeric__errors_per_100_usage', 'categorical__latest_plan_tier_Enterprise']"
A-f25509,0.31222272399964907,31.2,Low,68.8,Priority 3 - Routine,Continue routine monitoring and maintain normal customer engagement.,EdTech,US,2024-03-22,other,Enterprise,32,0,5,0,1,Basic,57,1083,0,annual,1,23,229,73603,15,17,21,2024-12-28,3,6.550218340611353,3200.1304347826085,9.956521739130435,3,6.0,116.0,42.66666666666666,4.666666666666667,0.0,2024-05-30,1,284,25,1,215.0,1,"['numeric__subscription_count', 'categorical__country_US', 'numeric__days_since_last_usage']"
A-acb7f7,0.30825538966921623,30.8,Low,69.2,Priority 3 - Routine,Continue routine monitoring and maintain normal customer engagement.,EdTech,US,2024-01-06,ads,Basic,32,0,12,1,1,Basic,32,608,0,annual,1,62,612,176628,36,33,59,2024-12-29,10,5.88235294117647,2848.8387096774195,9.870967741935484,2,3.0,91.0,41.0,3.5,0.0,2024-01-27,1,360,0,0,339.0,1,"['numeric__unique_features_used', 'categorical__country_US', 'numeric__days_since_last_usage']"
A-158f4e,0.30716673432616187,30.7,Low,69.3,Priority 3 - Routine,Continue routine monitoring and maintain normal customer engagement.,FinTech,IN,2023-03-03,other,Enterprise,61,0,12,0,0,Enterprise,61,12139,0,monthly,1,49,453,124458,29,32,48,2024-11-22,3,6.401766004415011,2539.9591836734694,9.244897959183673,39,5.0,126.0,27.6,4.333333333333333,0.0,2024-08-05,1,669,0,0,148.0,1,"['categorical__latest_plan_tier_Enterprise', 'numeric__unique_features_used', 'numeric__average_usage_per_event']"
A-fdfc91,0.3067274815112544,30.7,Low,69.3,Priority 3 - Routine,Continue routine monitoring and maintain normal customer engagement.,Cybersecurity,US,2023-05-06,ads,Basic,29,0,10,1,0,Basic,111,2109,0,monthly,1,56,564,158143,29,32,56,2024-11-19,1,5.141843971631205,2823.9821428571427,10.071428571428571,42,5.0,121.0,28.8,3.6666666666666665,0.0,2024-11-17,1,605,82,0,44.0,1,"['numeric__unique_features_used', 'categorical__country_US', 'numeric__beta_usage_events']"
A-bb1486,0.30505975242601363,30.5,Low,69.5,Priority 3 - Routine,Continue routine monitoring and maintain normal customer engagement.,HealthTech,US,2024-11-05,organic,Basic,41,0,8,0,1,Pro,67,3283,0,annual,1,42,405,118945,36,24,41,2024-12-09,5,8.88888888888889,2832.0238095238096,9.642857142857142,22,3.0,78.0,11.0,3.0,0.0,2024-05-19,1,56,26,1,226.0,1,"['categorical__country_US', 'numeric__average_resolution_hours', 'numeric__plan_changed']"
A-5a215a,0.3040114137016624,30.4,Low,69.6,Priority 3 - Routine,Continue routine monitoring and maintain normal customer engagement.,EdTech,FR,2024-01-05,other,Enterprise,87,0,18,1,0,Pro,87,4263,0,annual,1,80,807,271652,71,32,73,2024-12-24,8,8.79801734820322,3395.65,10.0875,7,4.0,38.0,29.5,4.0,0.0,2024-12-06,1,361,0,1,25.0,1,"['numeric__active_usage_days', 'categorical__country_FR', 'numeric__unique_features_used']"
A-42e5e1,0.30389468753426335,30.4,Low,69.6,Priority 3 - Routine,Continue routine monitoring and maintain normal customer engagement.,DevTools,US,2024-07-09,ads,Pro,1,1,7,1,1,Pro,10,490,0,annual,0,41,411,116704,41,24,39,2024-12-26,2,9.975669099756692,2846.439024390244,10.024390243902438,5,3.0,81.33333333333333,29.0,4.0,0.0,2024-05-22,1,175,9,0,223.0,1,"['categorical__industry_DevTools', 'numeric__subscription_count', 'numeric__latest_auto_renew']"
A-1b9609,0.3027767996100442,30.3,Low,69.7,Priority 3 - Routine,Continue routine monitoring and maintain normal customer engagement.,EdTech,IN,2023-10-12,ads,Enterprise,4,0,11,0,0,Enterprise,25,0,1,annual,1,47,457,140541,21,28,44,2024-11-20,6,4.595185995623632,2990.234042553192,9.72340425531915,41,4.0,74.75,43.0,3.0,0.0,2024-10-22,1,446,21,0,70.0,1,"['categorical__latest_plan_tier_Enterprise', 'numeric__errors_per_100_usage', 'categorical__latest_billing_frequency_annual']"
A-dbc825,0.2996726868406878,30.0,Low,70.0,Priority 3 - Routine,Continue routine monitoring and maintain normal customer engagement.,EdTech,FR,2024-01-07,partner,Enterprise,19,0,16,1,0,Basic,19,361,0,annual,1,72,730,212801,58,34,68,2024-12-30,8,7.945205479452055,2955.5694444444443,10.13888888888889,1,6.0,108.16666666666669,49.5,4.0,1.0,2024-10-02,1,359,0,1,90.0,1,"['categorical__country_FR', 'numeric__active_usage_days', 'numeric__unique_features_used']"
A-c16101,0.2979416534660687,29.8,Low,70.2,Priority 3 - Routine,Continue routine monitoring and maintain normal customer engagement.,EdTech,IN,2024-09-06,other,Basic,7,0,10,1,1,Pro,7,343,0,monthly,1,55,561,185984,29,31,53,2024-12-20,9,5.169340463458111,3381.5272727272727,10.2,11,4.0,82.0,28.0,5.0,1.0,2024-12-08,1,116,0,1,23.0,1,"['numeric__unique_features_used', 'numeric__plan_changed', 'categorical__initial_plan_tier_Basic']"
A-6965e1,0.29502999198272306,29.5,Low,70.5,Priority 3 - Routine,Continue routine monitoring and maintain normal customer engagement.,DevTools,US,2024-11-25,organic,Basic,13,0,12,1,1,Basic,13,247,0,monthly,1,59,627,188154,29,27,56,2024-12-28,4,4.625199362041467,3189.0508474576272,10.627118644067796,3,3.0,128.33333333333334,39.0,3.0,0.0,2024-07-27,1,36,0,0,157.0,1,"['categorical__industry_DevTools', 'categorical__country_US', 'numeric__days_since_last_usage']"
A-118f1c,0.29484148822539225,29.5,Low,70.5,Priority 3 - Routine,Continue routine monitoring and maintain normal customer engagement.,Cybersecurity,US,2024-10-31,other,Pro,32,0,8,0,0,Enterprise,32,6368,0,annual,0,38,369,96816,14,22,36,2024-10-05,2,3.794037940379404,2547.7894736842104,9.710526315789474,87,1.0,141.0,64.0,3.0,0.0,2023-06-22,1,61,0,1,558.0,1,"['numeric__errors_per_100_usage', 'categorical__latest_plan_tier_Enterprise', 'numeric__latest_auto_renew']"
A-ed510f,0.29440603662156906,29.4,Low,70.6,Priority 3 - Routine,Continue routine monitoring and maintain normal customer engagement.,Cybersecurity,IN,2023-01-17,partner,Basic,42,0,10,1,0,Pro,42,2058,0,monthly,1,49,493,160744,28,27,48,2024-12-17,5,5.679513184584178,3280.4897959183672,10.06122448979592,14,9.0,82.55555555555556,44.55555555555556,4.0,0.0,2024-09-13,1,714,0,1,109.0,1,"['numeric__customer_tenure_days', 'numeric__plan_changed', 'categorical__initial_plan_tier_Basic']"
A-58b9ff,0.293254490913106,29.3,Low,70.7,Priority 3 - Routine,Continue routine monitoring and maintain normal customer engagement.,DevTools,IN,2024-05-31,partner,Enterprise,2,0,13,1,1,Pro,33,1617,0,monthly,1,65,667,200727,32,28,65,2024-12-19,7,4.7976011994003,3088.107692307692,10.261538461538462,12,2.0,79.0,66.0,4.0,1.0,2023-11-30,1,214,31,1,397.0,1,"['categorical__industry_DevTools', 'numeric__active_usage_days', 'numeric__errors_per_100_usage']"
A-fce879,0.2930961179423521,29.3,Low,70.7,Priority 3 - Routine,Continue routine monitoring and maintain normal customer engagement.,EdTech,UK,2024-09-24,partner,Pro,10,1,5,0,1,Basic,21,399,0,annual,1,27,299,98740,14,25,27,2024-11-30,1,4.682274247491638,3657.037037037037,11.074074074074074,31,2.0,61.5,28.0,4.0,0.0,2024-07-17,1,98,11,1,167.0,1,"['numeric__subscription_count', 'numeric__errors_per_100_usage', 'numeric__beta_usage_events']"
A-054577,0.2917374713809479,29.2,Low,70.8,Priority 3 - Routine,Continue routine monitoring and maintain normal customer engagement.,EdTech,UK,2024-04-28,ads,Basic,2,0,16,1,1,Pro,8,392,0,monthly,1,85,833,219747,52,36,83,2024-12-31,10,6.24249699879952,2585.258823529412,9.8,0,1.0,70.0,46.0,4.0,0.0,2023-09-01,1,247,6,1,487.0,1,"['numeric__active_usage_days', 'numeric__unique_features_used', 'numeric__days_since_last_usage']"
A-0a62f5,0.28944930319950085,28.9,Low,71.1,Priority 3 - Routine,Continue routine monitoring and maintain normal customer engagement.,FinTech,UK,2024-09-11,partner,Pro,16,0,4,0,0,Basic,25,475,0,monthly,1,25,244,74890,7,20,25,2024-11-20,2,2.8688524590163933,2995.6,9.76,41,2.0,105.0,33.5,,0.0,2024-11-26,1,111,9,1,35.0,0,"['numeric__errors_per_100_usage', 'numeric__subscription_count', 'numeric__plan_changed']"
A-f5641b,0.28835149095391266,28.8,Low,71.2,Priority 3 - Routine,Continue routine monitoring and maintain normal customer engagement.,EdTech,US,2024-03-30,other,Pro,31,0,10,1,1,Enterprise,45,8955,0,monthly,1,39,438,141649,18,27,39,2024-12-11,4,4.10958904109589,3632.025641025641,11.23076923076923,20,4.0,98.0,47.5,3.0,1.0,2024-09-14,1,276,14,1,108.0,1,"['numeric__errors_per_100_usage', 'categorical__latest_plan_tier_Enterprise', 'categorical__country_US']"
A-8ed5dd,0.2852043296174419,28.5,Low,71.5,Priority 3 - Routine,Continue routine monitoring and maintain normal customer engagement.,EdTech,UK,2023-06-29,event,Enterprise,5,1,12,1,1,Basic,15,285,0,monthly,1,55,545,173217,45,29,52,2024-12-19,2,8.256880733944955,3149.4,9.909090909090908,12,6.0,96.83333333333331,29.0,3.75,0.0,2024-12-09,1,551,10,1,22.0,1,"['categorical__referral_source_event', 'numeric__plan_changed', 'numeric__beta_usage_events']"
A-c9bb3e,0.28345735606599326,28.3,Low,71.7,Priority 3 - Routine,Continue routine monitoring and maintain normal customer engagement.,EdTech,US,2024-03-24,ads,Pro,5,0,10,1,0,Basic,10,190,0,monthly,1,46,474,171153,20,27,43,2024-11-01,2,4.219409282700422,3720.717391304348,10.304347826086955,60,7.0,86.14285714285714,27.714285714285715,4.2,1.0,2024-12-14,1,282,5,1,17.0,1,"['numeric__errors_per_100_usage', 'categorical__country_US', 'numeric__plan_changed']"
A-4a267b,0.28171328512786836,28.2,Low,71.8,Priority 3 - Routine,Continue routine monitoring and maintain normal customer engagement.,FinTech,US,2024-05-05,other,Pro,25,0,10,1,1,Pro,25,0,1,annual,1,50,498,150984,22,31,49,2024-11-25,7,4.417670682730924,3019.68,9.96,36,4.0,105.0,16.25,4.333333333333333,0.0,2024-05-09,1,240,0,0,236.0,1,"['numeric__errors_per_100_usage', 'categorical__country_US', 'numeric__unique_features_used']"
A-dfbd31,0.2812576384166104,28.1,Low,71.9,Priority 3 - Routine,Continue routine monitoring and maintain normal customer engagement.,DevTools,UK,2023-12-04,partner,Enterprise,14,0,14,1,1,Basic,14,266,0,monthly,1,54,599,182273,19,27,50,2024-12-14,7,3.1719532554257093,3375.425925925926,11.092592592592592,17,6.0,129.83333333333334,29.666666666666668,4.25,0.0,2024-10-25,1,393,0,1,67.0,1,"['numeric__errors_per_100_usage', 'categorical__industry_DevTools', 'numeric__plan_changed']"
A-53f4e3,0.2798353365914184,28.0,Low,72.0,Priority 3 - Routine,Continue routine monitoring and maintain normal customer engagement.,Cybersecurity,UK,2024-06-14,event,Enterprise,13,0,10,0,0,Pro,29,1421,0,monthly,1,44,410,127529,45,29,42,2024-12-20,1,10.975609756097562,2898.3863636363635,9.318181818181818,11,5.0,99.0,28.6,4.0,0.0,2024-09-24,1,200,16,1,98.0,1,"['categorical__referral_source_event', 'numeric__beta_usage_events', 'numeric__plan_changed']"
A-855a48,0.27729035626976367,27.7,Low,72.3,Priority 3 - Routine,Continue routine monitoring and maintain normal customer engagement.,EdTech,US,2023-12-22,partner,Pro,14,0,8,0,1,Enterprise,60,11940,0,annual,1,44,448,145908,16,26,43,2024-11-19,7,3.571428571428571,3316.090909090909,10.181818181818182,42,5.0,122.0,39.6,3.6666666666666665,0.0,2024-07-10,1,375,46,1,174.0,1,"['numeric__errors_per_100_usage', 'categorical__latest_plan_tier_Enterprise', 'categorical__country_US']"
A-76fa4d,0.2760223820026017,27.6,Low,72.4,Priority 3 - Routine,Continue routine monitoring and maintain normal customer engagement.,HealthTech,US,2024-11-24,event,Pro,69,0,7,0,0,Pro,69,3381,0,monthly,1,36,357,126251,21,21,36,2024-12-03,4,5.88235294117647,3506.972222222222,9.916666666666666,28,5.0,111.8,33.4,4.5,0.0,2024-12-27,1,37,0,0,4.0,1,"['categorical__referral_source_event', 'numeric__subscription_count', 'categorical__country_US']"
A-2789e3,0.2731812629071411,27.3,Low,72.7,Priority 3 - Routine,Continue routine monitoring and maintain normal customer engagement.,FinTech,US,2024-09-14,partner,Enterprise,11,0,12,1,1,Pro,11,0,1,monthly,1,65,680,205877,45,33,62,2024-12-31,6,6.61764705882353,3167.3384615384616,10.461538461538462,0,4.0,83.25,47.25,4.0,0.0,2024-12-22,1,108,0,1,9.0,1,"['numeric__unique_features_used', 'numeric__active_usage_days', 'numeric__days_since_last_usage']"
A-71615e,0.27301671383986453,27.3,Low,72.7,Priority 3 - Routine,Continue routine monitoring and maintain normal customer engagement.,EdTech,US,2024-05-18,organic,Basic,15,0,13,1,0,Pro,15,735,0,annual,1,62,620,194799,41,29,59,2024-12-22,4,6.612903225806452,3141.9193548387098,10.0,9,1.0,77.0,49.0,,0.0,2024-01-12,1,227,0,1,354.0,0,"['categorical__country_US', 'numeric__active_usage_days', 'numeric__plan_changed']"
A-e4144b,0.272596191096097,27.3,Low,72.7,Priority 3 - Routine,Continue routine monitoring and maintain normal customer engagement.,EdTech,UK,2024-10-22,other,Pro,41,0,10,1,0,Enterprise,41,8159,0,annual,1,43,439,133397,21,26,43,2024-12-23,5,4.783599088838269,3102.2558139534885,10.209302325581396,8,3.0,172.33333333333334,57.0,4.0,0.0,2024-03-29,1,70,0,1,277.0,1,"['categorical__latest_plan_tier_Enterprise', 'numeric__errors_per_100_usage', 'numeric__plan_changed']"
A-702032,0.27201369900314687,27.2,Low,72.8,Priority 3 - Routine,Continue routine monitoring and maintain normal customer engagement.,HealthTech,US,2023-10-03,ads,Pro,28,0,6,1,0,Pro,28,1372,0,annual,1,26,285,91776,15,19,25,2024-12-02,1,5.263157894736842,3529.846153846154,10.961538461538462,29,4.0,98.25,26.0,3.0,0.0,2024-07-23,1,455,0,0,161.0,1,"['numeric__subscription_count', 'categorical__country_US', 'numeric__beta_usage_events']"
A-d42431,0.2719327861039887,27.2,Low,72.8,Priority 3 - Routine,Continue routine monitoring and maintain normal customer engagement.,FinTech,FR,2024-06-09,ads,Enterprise,22,0,9,1,1,Enterprise,22,4378,0,annual,1,47,457,133864,34,26,47,2024-12-06,6,7.439824945295405,2848.1702127659573,9.72340425531915,25,4.0,119.5,24.25,4.0,0.0,2024-08-07,1,205,0,0,146.0,1,"['categorical__country_FR', 'categorical__latest_plan_tier_Enterprise', 'categorical__latest_billing_frequency_annual']"
A-fd7ad3,0.27187696533253464,27.2,Low,72.8,Priority 3 - Routine,Continue routine monitoring and maintain normal customer engagement.,Cybersecurity,US,2024-11-01,event,Enterprise,1,0,10,1,0,Basic,29,551,0,monthly,1,56,567,171957,42,31,52,2024-11-25,9,7.4074074074074066,3070.660714285714,10.125,36,8.0,98.125,48.75,4.166666666666667,1.0,2024-10-17,1,60,28,1,75.0,1,"['categorical__referral_source_event', 'categorical__country_US', 'numeric__unique_features_used']"
A-5b051a,0.2715689215565293,27.2,Low,72.8,Priority 3 - Routine,Continue routine monitoring and maintain normal customer engagement.,Cybersecurity,US,2024-08-05,event,Enterprise,22,0,4,0,0,Pro,22,1078,0,monthly,1,16,171,44864,17,14,16,2024-12-07,3,9.941520467836256,2804.0,10.6875,24,1.0,2.0,2.0,3.0,0.0,2024-03-24,1,148,0,1,282.0,1,"['numeric__subscription_count', 'numeric__average_first_response_minutes', 'categorical__referral_source_event']"
A-508199,0.27059744096277893,27.1,Low,72.9,Priority 3 - Routine,Continue routine monitoring and maintain normal customer engagement.,FinTech,AU,2024-01-28,event,Basic,19,0,5,0,0,Enterprise,19,0,1,monthly,1,24,231,80389,15,16,23,2024-11-23,2,6.493506493506493,3349.5416666666665,9.625,38,3.0,67.33333333333333,50.66666666666666,3.0,0.0,2024-08-17,1,338,0,1,136.0,1,"['numeric__subscription_count', 'categorical__referral_source_event', 'categorical__latest_plan_tier_Enterprise']"
A-5f2961,0.2696523636647845,27.0,Low,73.0,Priority 3 - Routine,Continue routine monitoring and maintain normal customer engagement.,HealthTech,US,2024-11-22,partner,Basic,4,0,7,0,0,Basic,16,304,0,annual,1,36,348,103023,19,22,36,2024-11-04,2,5.459770114942529,2861.75,9.666666666666666,57,1.0,19.0,53.0,,0.0,2023-06-30,1,39,12,0,550.0,0,"['numeric__average_first_response_minutes', 'numeric__subscription_count', 'categorical__country_US']"
A-034368,0.2664733991988802,26.6,Low,73.4,Priority 3 - Routine,Continue routine monitoring and maintain normal customer engagement.,EdTech,US,2023-11-05,event,Enterprise,19,0,5,0,0,Enterprise,23,4577,0,monthly,1,28,265,80423,25,20,27,2024-12-13,4,9.433962264150944,2872.25,9.464285714285714,18,5.0,91.8,41.2,4.0,0.0,2024-05-04,1,422,4,0,241.0,1,"['numeric__subscription_count', 'categorical__referral_source_event', 'categorical__latest_plan_tier_Enterprise']"
A-7c83a1,0.26392920194247466,26.4,Low,73.6,Priority 3 - Routine,Continue routine monitoring and maintain normal customer engagement.,Cybersecurity,US,2024-05-06,partner,Pro,12,0,12,0,1,Pro,24,1176,0,monthly,1,62,632,203509,23,29,61,2024-12-31,4,3.6392405063291138,3282.403225806452,10.193548387096774,0,4.0,86.25,42.0,4.0,0.0,2024-04-21,1,239,12,0,254.0,1,"['numeric__errors_per_100_usage', 'numeric__days_since_last_usage', 'numeric__active_usage_days']"
A-533452,0.2611479256116429,26.1,Low,73.9,Priority 3 - Routine,Continue routine monitoring and maintain normal customer engagement.,DevTools,AU,2024-11-12,organic,Pro,9,0,11,1,1,Basic,52,988,0,annual,0,63,595,172726,44,32,62,2024-12-15,10,7.394957983193278,2741.68253968254,9.444444444444445,16,4.0,35.5,32.75,4.0,0.0,2024-08-05,1,49,43,1,148.0,1,"['categorical__industry_DevTools', 'numeric__active_usage_days', 'numeric__average_first_response_minutes']"
A-f6b2fb,0.2603864896340161,26.0,Low,74.0,Priority 3 - Routine,Continue routine monitoring and maintain normal customer engagement.,DevTools,AU,2024-04-23,event,Basic,23,0,10,1,1,Basic,23,437,0,monthly,0,55,524,158412,37,29,53,2024-12-24,8,7.061068702290077,2880.2181818181816,9.527272727272727,7,5.0,88.6,55.0,4.0,1.0,2024-01-19,1,252,0,0,347.0,1,"['categorical__industry_DevTools', 'categorical__referral_source_event', 'numeric__latest_auto_renew']"
A-94c3cd,0.2594513989114333,25.9,Low,74.1,Priority 3 - Routine,Continue routine monitoring and maintain normal customer engagement.,FinTech,CA,2023-09-20,other,Enterprise,32,0,6,0,0,Enterprise,32,6368,0,monthly,1,31,306,104197,18,18,30,2024-12-11,4,5.88235294117647,3361.1935483870966,9.870967741935484,20,4.0,116.5,44.75,3.5,1.0,2024-08-17,1,468,0,0,136.0,1,"['numeric__subscription_count', 'categorical__latest_plan_tier_Enterprise', 'numeric__ever_upgraded']"
A-b2af2e,0.2561065219700327,25.6,Low,74.4,Priority 3 - Routine,Continue routine monitoring and maintain normal customer engagement.,Cybersecurity,UK,2024-08-24,event,Enterprise,5,0,4,0,1,Basic,54,1026,0,annual,0,18,174,60214,11,14,18,2024-11-11,4,6.321839080459771,3345.222222222222,9.666666666666666,50,2.0,95.0,39.5,4.0,0.0,2024-01-09,1,129,49,1,357.0,1,"['numeric__subscription_count', 'categorical__referral_source_event', 'numeric__latest_auto_renew']"
A-1f7acb,0.2539611313874808,25.4,Low,74.6,Priority 3 - Routine,Continue routine monitoring and maintain normal customer engagement.,FinTech,UK,2023-08-06,ads,Basic,64,0,8,1,1,Enterprise,64,12736,0,annual,1,53,510,164068,47,26,53,2024-12-13,7,9.215686274509803,3095.622641509434,9.62264150943396,18,7.0,129.57142857142858,41.71428571428572,4.4,0.0,2024-12-05,1,513,0,1,26.0,1,"['categorical__latest_plan_tier_Enterprise', 'numeric__plan_changed', 'numeric__subscription_count']"
A-51ec1b,0.24891767925631497,24.9,Low,75.1,Priority 3 - Routine,Continue routine monitoring and maintain normal customer engagement.,DevTools,US,2023-11-08,ads,Enterprise,7,0,6,1,1,Enterprise,17,3383,0,annual,1,28,283,111162,12,19,27,2024-10-22,3,4.240282685512367,3970.071428571429,10.107142857142858,70,3.0,150.0,52.333333333333336,5.0,1.0,2024-09-11,1,419,10,0,111.0,1,"['categorical__industry_DevTools', 'numeric__subscription_count', 'numeric__errors_per_100_usage']"
A-a8b49c,0.24217633491776056,24.2,Low,75.8,Priority 3 - Routine,Continue routine monitoring and maintain normal customer engagement.,Cybersecurity,UK,2023-10-06,partner,Basic,7,0,12,1,0,Pro,7,343,0,annual,1,54,545,183399,43,27,54,2024-12-25,1,7.889908256880735,3396.277777777778,10.092592592592592,6,1.0,105.0,72.0,4.0,0.0,2023-09-23,1,452,0,1,465.0,1,"['numeric__beta_usage_events', 'numeric__plan_changed', 'numeric__days_since_last_usage']"
A-0b0d6d,0.24159500723940805,24.2,Low,75.8,Priority 3 - Routine,Continue routine monitoring and maintain normal customer engagement.,DevTools,US,2024-12-30,organic,Pro,3,0,13,1,0,Pro,3,147,0,monthly,1,62,582,162411,48,32,61,2024-12-26,9,8.24742268041237,2619.532258064516,9.387096774193548,5,5.0,90.4,31.4,4.0,1.0,2024-10-09,1,1,0,0,83.0,1,"['categorical__industry_DevTools', 'numeric__unique_features_used', 'numeric__active_usage_days']"
A-9174e0,0.24091070537839568,24.1,Low,75.9,Priority 3 - Routine,Continue routine monitoring and maintain normal customer engagement.,Cybersecurity,US,2024-12-04,partner,Basic,37,0,15,1,0,Enterprise,37,7363,0,annual,1,69,689,206138,61,34,66,2024-12-29,6,8.853410740203193,2987.5072463768115,9.985507246376812,2,2.0,167.0,39.0,5.0,0.0,2024-10-30,1,27,0,1,62.0,1,"['numeric__unique_features_used', 'numeric__active_usage_days', 'categorical__latest_plan_tier_Enterprise']"
A-625d0b,0.2408841521161617,24.1,Low,75.9,Priority 3 - Routine,Continue routine monitoring and maintain normal customer engagement.,EdTech,AU,2024-09-02,ads,Basic,9,0,11,0,0,Enterprise,9,1791,0,annual,1,54,529,141489,38,32,54,2024-12-09,6,7.183364839319471,2620.1666666666665,9.796296296296296,22,5.0,72.4,48.4,3.0,0.0,2024-11-19,1,120,0,1,42.0,1,"['categorical__latest_plan_tier_Enterprise', 'numeric__unique_features_used', 'numeric__plan_changed']"
A-bb1eaa,0.24061190960933004,24.1,Low,75.9,Priority 3 - Routine,Continue routine monitoring and maintain normal customer engagement.,Cybersecurity,US,2024-06-11,organic,Basic,21,0,5,0,1,Pro,25,1225,0,annual,1,17,164,45337,7,15,17,2024-11-16,2,4.2682926829268295,2666.8823529411766,9.647058823529411,45,6.0,92.33333333333331,23.5,4.5,0.0,2024-09-12,1,203,4,1,110.0,1,"['numeric__subscription_count', 'numeric__errors_per_100_usage', 'categorical__country_US']"
A-1b7577,0.23876376707576186,23.9,Low,76.1,Priority 3 - Routine,Continue routine monitoring and maintain normal customer engagement.,Cybersecurity,US,2024-10-27,other,Pro,4,0,11,0,1,Pro,41,2009,0,monthly,1,62,647,195598,33,33,58,2024-12-20,4,5.1004636785162285,3154.8064516129034,10.435483870967742,11,5.0,109.4,27.2,4.0,0.0,2024-05-31,1,65,37,0,214.0,1,"['numeric__unique_features_used', 'categorical__country_US', 'numeric__active_usage_days']"
A-45ce7a,0.23840989142107868,23.8,Low,76.2,Priority 3 - Routine,Continue routine monitoring and maintain normal customer engagement.,FinTech,US,2023-07-23,ads,Enterprise,16,0,7,1,1,Enterprise,16,3184,0,monthly,1,39,424,124978,30,21,39,2024-12-24,2,7.075471698113208,3204.5641025641025,10.871794871794872,7,5.0,91.8,45.4,3.6666666666666665,0.0,2024-12-14,1,527,0,0,17.0,1,"['categorical__latest_plan_tier_Enterprise', 'numeric__subscription_count', 'categorical__country_US']"
A-2446e3,0.23797560100155457,23.8,Low,76.2,Priority 3 - Routine,Continue routine monitoring and maintain normal customer engagement.,EdTech,IN,2024-01-10,organic,Pro,27,0,7,1,1,Enterprise,27,5373,0,monthly,1,48,496,151037,32,28,44,2024-12-24,5,6.451612903225806,3146.6041666666665,10.333333333333334,7,3.0,104.66666666666669,28.666666666666668,4.0,0.0,2024-10-27,1,356,0,1,65.0,1,"['categorical__latest_plan_tier_Enterprise', 'numeric__subscription_count', 'numeric__plan_changed']"
A-9077b0,0.2334528393883316,23.3,Low,76.7,Priority 3 - Routine,Continue routine monitoring and maintain normal customer engagement.,HealthTech,US,2024-08-25,ads,Basic,2,0,7,1,0,Pro,63,0,1,monthly,1,46,493,146301,31,26,45,2024-11-18,5,6.288032454361055,3180.4565217391305,10.717391304347826,43,3.0,136.33333333333334,40.333333333333336,4.333333333333333,0.0,2024-09-07,1,128,61,1,115.0,1,"['numeric__subscription_count', 'categorical__country_US', 'numeric__plan_changed']"
A-09540c,0.23329326020915472,23.3,Low,76.7,Priority 3 - Routine,Continue routine monitoring and maintain normal customer engagement.,Cybersecurity,CA,2023-10-30,event,Basic,67,0,6,1,1,Pro,67,3283,0,monthly,1,28,297,94696,16,20,28,2024-12-02,3,5.387205387205387,3382.0,10.607142857142858,29,2.0,89.0,28.0,4.5,0.0,2024-02-24,1,428,0,1,311.0,1,"['categorical__referral_source_event', 'numeric__subscription_count', 'numeric__plan_changed']"
A-cbbe12,0.23191026202030082,23.2,Low,76.8,Priority 3 - Routine,Continue routine monitoring and maintain normal customer engagement.,Cybersecurity,DE,2023-03-22,partner,Enterprise,40,0,6,1,1,Enterprise,40,7960,0,monthly,1,22,178,49983,10,14,21,2024-12-02,0,5.617977528089887,2271.954545454545,8.090909090909092,29,6.0,74.5,38.0,4.25,0.0,2024-09-18,1,650,0,0,104.0,1,"['categorical__country_DE', 'numeric__average_usage_per_event', 'numeric__subscription_count']"
A-2e3bad,0.22830138446315867,22.8,Low,77.2,Priority 3 - Routine,Continue routine monitoring and maintain normal customer engagement.,FinTech,CA,2023-08-13,other,Pro,61,0,10,0,0,Basic,61,1159,0,monthly,1,45,435,123738,26,25,43,2024-11-12,6,5.977011494252873,2749.733333333333,9.666666666666666,49,5.0,107.0,31.4,3.5,0.0,2024-09-20,1,506,0,1,102.0,1,"['numeric__plan_changed', 'numeric__ever_upgraded', 'numeric__ever_downgraded']"
A-e888d1,0.2261513666203192,22.6,Low,77.4,Priority 3 - Routine,Continue routine monitoring and maintain normal customer engagement.,Cybersecurity,US,2023-03-28,other,Pro,14,0,11,1,0,Pro,17,833,0,monthly,1,52,552,158087,36,31,52,2024-12-19,5,6.521739130434782,3040.1346153846152,10.615384615384617,12,5.0,104.0,43.0,4.0,1.0,2024-09-24,1,644,3,0,98.0,1,"['categorical__country_US', 'numeric__unique_features_used', 'numeric__customer_tenure_days']"
A-18793f,0.22595463898416285,22.6,Low,77.4,Priority 3 - Routine,Continue routine monitoring and maintain normal customer engagement.,EdTech,US,2024-12-18,organic,Basic,148,0,11,1,0,Basic,148,0,1,monthly,1,48,486,168310,20,30,46,2024-12-12,4,4.11522633744856,3506.458333333333,10.125,19,5.0,101.6,45.2,3.8,0.0,2023-12-09,1,13,0,0,388.0,1,"['numeric__errors_per_100_usage', 'categorical__country_US', 'numeric__unique_features_used']"
A-c7e58b,0.22475095575907678,22.5,Low,77.5,Priority 3 - Routine,Continue routine monitoring and maintain normal customer engagement.,HealthTech,IN,2023-06-25,other,Pro,3,0,7,0,0,Pro,16,0,1,monthly,1,34,343,105853,18,22,33,2024-11-19,1,5.247813411078718,3113.323529411765,10.088235294117649,42,5.0,98.4,30.6,3.5,0.0,2024-12-16,1,555,13,0,15.0,1,"['numeric__subscription_count', 'numeric__beta_usage_events', 'categorical__industry_HealthTech']"
A-940b8b,0.22356572043081827,22.4,Low,77.6,Priority 3 - Routine,Continue routine monitoring and maintain normal customer engagement.,HealthTech,DE,2024-03-19,organic,Basic,1,0,8,1,1,Enterprise,7,0,1,annual,1,35,362,121184,32,23,34,2024-10-28,3,8.83977900552486,3462.4,10.342857142857143,64,3.0,89.33333333333333,41.333333333333336,4.0,0.0,2024-10-25,1,287,6,1,67.0,1,"['categorical__country_DE', 'categorical__latest_plan_tier_Enterprise', 'numeric__plan_changed']"
A-6f8ad2,0.22329815663739944,22.3,Low,77.7,Priority 3 - Routine,Continue routine monitoring and maintain normal customer engagement.,EdTech,IN,2024-07-09,organic,Basic,1,0,17,1,1,Basic,41,779,0,annual,0,88,924,261489,59,38,87,2024-12-31,13,6.3852813852813854,2971.465909090909,10.5,0,4.0,37.25,35.25,4.333333333333333,0.0,2024-11-30,1,175,40,0,31.0,1,"['numeric__active_usage_days', 'numeric__unique_features_used', 'numeric__days_since_last_usage']"
A-ac85cd,0.22214429493787877,22.2,Low,77.8,Priority 3 - Routine,Continue routine monitoring and maintain normal customer engagement.,EdTech,US,2024-07-31,partner,Enterprise,53,0,12,1,1,Pro,85,4165,0,annual,1,63,634,176002,29,30,59,2024-11-27,5,4.574132492113565,2793.68253968254,10.063492063492063,34,3.0,76.33333333333333,33.666666666666664,3.5,0.0,2024-08-01,1,153,32,1,152.0,1,"['categorical__country_US', 'numeric__errors_per_100_usage', 'numeric__active_usage_days']"
A-30b4ca,0.21860969616129106,21.9,Low,78.1,Priority 3 - Routine,Continue routine monitoring and maintain normal customer engagement.,EdTech,IN,2024-05-20,organic,Basic,86,1,8,0,0,Basic,86,1634,0,annual,1,42,402,127433,22,28,41,2024-12-22,10,5.472636815920398,3034.119047619048,9.571428571428571,9,3.0,108.33333333333331,57.66666666666666,4.0,0.0,2024-09-02,1,225,0,0,120.0,1,"['numeric__subscription_count', 'categorical__latest_billing_frequency_annual', 'numeric__ever_upgraded']"
A-c42f1f,0.21809025915144126,21.8,Low,78.2,Priority 3 - Routine,Continue routine monitoring and maintain normal customer engagement.,HealthTech,US,2024-07-28,other,Pro,8,0,8,1,1,Basic,8,152,0,monthly,1,35,337,98383,20,24,33,2024-10-30,5,5.934718100890208,2810.942857142857,9.628571428571428,62,9.0,81.88888888888889,31.33333333333333,4.0,1.0,2024-09-28,1,156,0,1,94.0,1,"['categorical__country_US', 'numeric__plan_changed', 'numeric__subscription_count']"
A-712533,0.2169614641215831,21.7,Low,78.3,Priority 3 - Routine,Continue routine monitoring and maintain normal customer engagement.,EdTech,US,2023-07-31,organic,Pro,18,0,12,1,0,Pro,18,882,0,monthly,0,55,571,180056,35,32,55,2024-12-12,4,6.129597197898424,3273.7454545454543,10.38181818181818,19,5.0,97.2,37.4,3.75,0.0,2024-11-26,1,519,0,0,35.0,1,"['numeric__latest_auto_renew', 'numeric__unique_features_used', 'categorical__country_US']"
A-e36807,0.21396137255662354,21.4,Low,78.6,Priority 3 - Routine,Continue routine monitoring and maintain normal customer engagement.,EdTech,AU,2024-05-17,other,Pro,6,0,10,0,0,Enterprise,9,1791,0,monthly,1,49,446,140849,27,27,48,2024-12-29,4,6.053811659192825,2874.469387755102,9.10204081632653,2,2.0,152.0,41.0,4.5,0.0,2024-09-20,1,228,3,1,102.0,1,"['categorical__latest_plan_tier_Enterprise', 'numeric__days_since_last_usage', 'numeric__average_usage_per_event']"
A-c222ab,0.21053870341400313,21.1,Low,78.9,Priority 3 - Routine,Continue routine monitoring and maintain normal customer engagement.,Cybersecurity,US,2024-05-10,other,Pro,32,1,7,1,0,Pro,32,1568,0,monthly,1,45,435,133441,33,27,45,2024-12-29,6,7.586206896551724,2965.3555555555554,9.666666666666666,2,4.0,94.5,39.0,5.0,0.0,2024-12-26,1,235,0,0,5.0,1,"['numeric__subscription_count', 'categorical__country_US', 'numeric__days_since_last_usage']"
A-c1e51e,0.20971524103140346,21.0,Low,79.0,Priority 3 - Routine,Continue routine monitoring and maintain normal customer engagement.,FinTech,US,2024-10-02,organic,Basic,3,0,10,1,1,Basic,41,779,0,annual,1,50,518,152228,36,28,49,2024-12-25,7,6.94980694980695,3044.56,10.36,6,5.0,75.6,40.0,3.2,0.0,2024-10-29,1,90,38,0,63.0,1,"['categorical__country_US', 'numeric__days_since_last_usage', 'categorical__latest_billing_frequency_annual']"
A-92a3af,0.2076221033697633,20.8,Low,79.2,Priority 3 - Routine,Continue routine monitoring and maintain normal customer engagement.,Cybersecurity,IN,2024-07-07,organic,Enterprise,25,0,11,0,1,Pro,25,1225,0,monthly,1,67,714,218189,55,35,65,2024-12-18,8,7.703081232492997,3256.5522388059703,10.656716417910449,13,4.0,39.0,57.5,4.0,1.0,2024-06-13,1,177,0,1,201.0,1,"['numeric__unique_features_used', 'numeric__active_usage_days', 'numeric__average_first_response_minutes']"
A-e51ec7,0.20495304981953133,20.5,Low,79.5,Priority 3 - Routine,Continue routine monitoring and maintain normal customer engagement.,FinTech,CA,2023-09-23,partner,Enterprise,2,0,8,1,1,Enterprise,10,1990,0,monthly,1,40,417,126745,18,26,39,2024-12-05,4,4.316546762589928,3168.625,10.425,26,3.0,93.33333333333331,37.0,5.0,0.0,2024-10-05,1,465,8,0,87.0,1,"['categorical__latest_plan_tier_Enterprise', 'numeric__errors_per_100_usage', 'numeric__subscription_count']"
A-039727,0.20258927602317975,20.3,Low,79.7,Priority 3 - Routine,Continue routine monitoring and maintain normal customer engagement.,EdTech,AU,2024-11-02,organic,Pro,25,0,15,1,1,Enterprise,25,4975,0,annual,1,74,768,249545,32,33,69,2024-12-22,3,4.166666666666666,3372.2297297297296,10.37837837837838,9,0.0,,,,0.0,,0,59,0,1,,0,"['numeric__has_support_tickets', 'numeric__active_usage_days', 'numeric__unique_features_used']"
A-82d8a6,0.19986107759046576,20.0,Low,80.0,Priority 3 - Routine,Continue routine monitoring and maintain normal customer engagement.,Cybersecurity,UK,2024-11-28,ads,Basic,5,0,17,1,1,Pro,5,245,0,annual,1,70,661,198538,38,32,69,2024-12-17,9,5.748865355521937,2836.2571428571428,9.442857142857145,14,5.0,112.0,42.2,3.5,0.0,2024-11-29,1,33,0,1,32.0,1,"['numeric__active_usage_days', 'numeric__unique_features_used', 'numeric__plan_changed']"
A-b48f73,0.19935768690415495,19.9,Low,80.1,Priority 3 - Routine,Continue routine monitoring and maintain normal customer engagement.,EdTech,AU,2024-11-13,event,Pro,80,0,7,0,0,Pro,80,3920,0,annual,0,44,412,118416,23,24,42,2024-11-25,3,5.582524271844661,2691.2727272727275,9.363636363636363,36,3.0,35.333333333333336,28.666666666666668,4.0,0.0,2023-11-06,1,48,0,0,421.0,1,"['categorical__referral_source_event', 'numeric__average_first_response_minutes', 'numeric__subscription_count']"
A-9b9fe9,0.1965033551189946,19.7,Low,80.3,Priority 3 - Routine,Continue routine monitoring and maintain normal customer engagement.,EdTech,AU,2023-09-28,other,Basic,5,0,12,0,1,Enterprise,50,9950,0,monthly,1,58,597,196701,22,30,56,2024-12-15,3,3.685092127303183,3391.396551724138,10.29310344827586,16,4.0,156.5,33.5,4.0,0.0,2024-12-21,1,460,45,1,10.0,1,"['numeric__errors_per_100_usage', 'categorical__latest_plan_tier_Enterprise', 'numeric__plan_changed']"
A-00cac8,0.19563682031306998,19.6,Low,80.4,Priority 3 - Routine,Continue routine monitoring and maintain normal customer engagement.,HealthTech,AU,2023-09-15,organic,Enterprise,8,0,9,0,1,Pro,19,931,0,annual,1,58,602,171366,31,30,57,2024-12-24,7,5.149501661129568,2954.586206896552,10.379310344827584,7,2.0,120.5,33.0,,0.0,2023-09-15,1,473,11,1,473.0,0,"['numeric__plan_changed', 'numeric__active_usage_days', 'numeric__days_since_last_usage']"
A-40a557,0.19504949913454897,19.5,Low,80.5,Priority 3 - Routine,Continue routine monitoring and maintain normal customer engagement.,Cybersecurity,AU,2023-12-03,partner,Pro,16,0,9,1,0,Enterprise,16,3184,0,monthly,1,39,402,114217,17,25,39,2024-12-26,3,4.228855721393035,2928.641025641026,10.307692307692308,5,7.0,94.71428571428572,30.571428571428573,3.6666666666666665,0.0,2024-11-24,1,394,0,1,37.0,1,"['numeric__errors_per_100_usage', 'categorical__latest_plan_tier_Enterprise', 'numeric__days_since_last_usage']"
A-bece89,0.19362003430708224,19.4,Low,80.6,Priority 3 - Routine,Continue routine monitoring and maintain normal customer engagement.,Cybersecurity,IN,2023-12-01,event,Pro,26,0,6,1,0,Pro,38,1862,0,annual,1,19,176,48112,13,16,18,2024-12-28,2,7.386363636363637,2532.2105263157896,9.263157894736842,3,4.0,103.75,32.5,4.0,1.0,2024-05-28,1,396,12,0,217.0,1,"['categorical__referral_source_event', 'numeric__subscription_count', 'numeric__days_since_last_usage']"
A-e7beab,0.19357408370230272,19.4,Low,80.6,Priority 3 - Routine,Continue routine monitoring and maintain normal customer engagement.,EdTech,DE,2023-10-20,organic,Enterprise,5,0,7,0,0,Pro,5,245,0,monthly,1,36,373,131074,17,22,35,2024-10-13,2,4.557640750670242,3640.944444444444,10.36111111111111,79,6.0,124.66666666666669,36.66666666666666,4.0,0.0,2024-09-22,1,438,0,1,100.0,1,"['categorical__country_DE', 'numeric__subscription_count', 'numeric__errors_per_100_usage']"
A-9bfc9f,0.19233349969382804,19.2,Low,80.8,Priority 3 - Routine,Continue routine monitoring and maintain normal customer engagement.,DevTools,CA,2023-09-14,ads,Pro,53,0,9,1,1,Pro,60,2940,0,monthly,1,37,376,109862,18,23,37,2024-12-08,4,4.787234042553192,2969.243243243244,10.16216216216216,23,6.0,84.33333333333333,35.333333333333336,3.333333333333333,1.0,2024-09-23,1,474,7,0,99.0,1,"['categorical__industry_DevTools', 'numeric__errors_per_100_usage', 'numeric__subscription_count']"
A-e43bf7,0.19226188028651128,19.2,Low,80.8,Priority 3 - Routine,Continue routine monitoring and maintain normal customer engagement.,Cybersecurity,AU,2023-03-24,other,Pro,44,0,7,1,0,Enterprise,44,8756,0,annual,1,40,371,103455,35,26,40,2024-12-08,2,9.433962264150944,2586.375,9.275,23,5.0,80.0,27.4,4.0,1.0,2024-12-25,1,648,0,1,6.0,1,"['categorical__latest_plan_tier_Enterprise', 'numeric__subscription_count', 'numeric__average_usage_per_event']"
A-378b99,0.189723667396307,19.0,Low,81.0,Priority 3 - Routine,Continue routine monitoring and maintain normal customer engagement.,EdTech,UK,2024-09-01,ads,Pro,8,0,12,1,1,Pro,16,784,0,annual,1,58,565,187525,38,33,55,2024-12-31,5,6.725663716814159,3233.189655172414,9.741379310344827,0,6.0,78.83333333333333,28.5,4.5,0.0,2024-08-19,1,121,8,0,134.0,1,"['numeric__unique_features_used', 'numeric__days_since_last_usage', 'numeric__active_usage_days']"
A-e5d6ab,0.1889573031693014,18.9,Low,81.1,Priority 3 - Routine,Continue routine monitoring and maintain normal customer engagement.,EdTech,US,2023-04-15,partner,Pro,3,0,10,0,0,Pro,32,1568,0,annual,1,41,382,111506,23,29,39,2024-12-02,5,6.020942408376963,2719.6585365853657,9.317073170731708,29,3.0,57.0,42.66666666666666,,0.0,2024-09-17,1,626,29,0,105.0,0,"['categorical__country_US', 'numeric__average_usage_per_event', 'numeric__customer_tenure_days']"
A-fd9422,0.18751676483445728,18.8,Low,81.2,Priority 3 - Routine,Continue routine monitoring and maintain normal customer engagement.,Cybersecurity,US,2024-04-04,organic,Pro,58,0,9,1,1,Pro,58,2842,0,annual,1,44,456,143313,21,27,43,2024-12-30,5,4.605263157894736,3257.1136363636365,10.363636363636363,1,6.0,116.83333333333331,44.333333333333336,3.5,1.0,2024-12-22,1,271,0,0,9.0,1,"['numeric__days_since_last_usage', 'categorical__country_US', 'numeric__errors_per_100_usage']"
A-e1462e,0.18418130104874103,18.4,Low,81.6,Priority 3 - Routine,Continue routine monitoring and maintain normal customer engagement.,FinTech,UK,2023-03-12,partner,Basic,15,0,7,1,1,Basic,15,285,0,annual,0,35,347,98097,22,26,35,2024-11-10,4,6.340057636887608,2802.7714285714287,9.914285714285716,51,2.0,118.5,39.5,3.5,0.0,2024-08-02,1,660,0,0,151.0,1,"['numeric__subscription_count', 'numeric__latest_auto_renew', 'numeric__customer_tenure_days']"
A-241e75,0.1834534333330384,18.3,Low,81.7,Priority 3 - Routine,Continue routine monitoring and maintain normal customer engagement.,EdTech,US,2024-07-03,partner,Enterprise,3,0,5,0,1,Basic,5,95,0,monthly,1,28,266,100257,20,17,27,2024-12-13,2,7.518796992481203,3580.6071428571427,9.5,18,4.0,101.0,31.5,4.5,0.0,2024-09-02,1,181,2,1,120.0,1,"['numeric__subscription_count', 'categorical__country_US', 'numeric__plan_changed']"
A-39ddf4,0.18264154777538044,18.3,Low,81.7,Priority 3 - Routine,Continue routine monitoring and maintain normal customer engagement.,EdTech,US,2024-12-05,partner,Enterprise,40,0,9,0,0,Enterprise,40,7960,0,monthly,1,46,455,139654,36,27,46,2024-12-15,6,7.912087912087911,3035.9565217391305,9.891304347826088,16,5.0,76.2,23.0,4.25,0.0,2024-10-14,1,26,0,0,78.0,1,"['categorical__latest_plan_tier_Enterprise', 'categorical__country_US', 'numeric__ever_upgraded']"
A-d40bf7,0.18115243015687527,18.1,Low,81.9,Priority 3 - Routine,Continue routine monitoring and maintain normal customer engagement.,FinTech,IN,2024-11-08,organic,Basic,59,0,10,1,0,Basic,59,1121,0,monthly,1,55,562,150186,22,29,54,2024-11-21,5,3.9145907473309607,2730.6545454545453,10.21818181818182,40,2.0,125.5,20.5,5.0,0.0,2024-11-03,1,53,0,0,58.0,1,"['numeric__errors_per_100_usage', 'numeric__active_usage_days', 'categorical__initial_plan_tier_Basic']"
A-5a92e7,0.17797506440071262,17.8,Low,82.2,Priority 3 - Routine,Continue routine monitoring and maintain normal customer engagement.,HealthTech,US,2024-06-11,ads,Pro,4,0,19,0,0,Pro,9,0,1,monthly,1,85,885,276337,76,37,83,2024-12-24,8,8.587570621468926,3251.0235294117647,10.411764705882351,7,7.0,86.14285714285714,45.0,4.4,0.0,2024-10-10,1,203,5,0,82.0,1,"['numeric__active_usage_days', 'numeric__unique_features_used', 'categorical__country_US']"
A-54ecc2,0.17274509689947218,17.3,Low,82.7,Priority 3 - Routine,Continue routine monitoring and maintain normal customer engagement.,Cybersecurity,US,2023-06-11,partner,Enterprise,4,0,11,0,1,Enterprise,28,5572,0,monthly,1,56,607,183498,39,28,54,2024-12-09,6,6.425041186161449,3276.75,10.839285714285714,22,5.0,72.0,37.4,5.0,0.0,2024-10-29,1,569,24,0,63.0,1,"['categorical__latest_plan_tier_Enterprise', 'categorical__country_US', 'numeric__customer_tenure_days']"
A-6da850,0.1704963921079826,17.0,Low,83.0,Priority 3 - Routine,Continue routine monitoring and maintain normal customer engagement.,FinTech,IN,2023-10-07,organic,Pro,5,0,16,1,1,Basic,6,114,0,annual,1,70,714,186370,54,30,67,2024-12-27,8,7.563025210084033,2662.428571428572,10.2,4,5.0,76.4,49.0,4.0,0.0,2024-12-21,1,451,1,1,10.0,1,"['numeric__active_usage_days', 'numeric__days_since_last_usage', 'numeric__plan_changed']"
A-b7ef83,0.16726325480127768,16.7,Low,83.3,Priority 3 - Routine,Continue routine monitoring and maintain normal customer engagement.,Cybersecurity,UK,2024-05-29,partner,Pro,1,0,15,1,0,Pro,12,588,0,monthly,0,72,738,216777,39,34,67,2024-12-25,8,5.284552845528456,3010.7916666666665,10.25,6,2.0,79.0,47.5,4.0,0.0,2024-10-03,1,216,11,0,89.0,1,"['numeric__unique_features_used', 'numeric__active_usage_days', 'numeric__latest_auto_renew']"
A-17939a,0.16679748924473925,16.7,Low,83.3,Priority 3 - Routine,Continue routine monitoring and maintain normal customer engagement.,HealthTech,US,2024-12-26,organic,Basic,1,0,11,0,0,Basic,14,266,0,annual,1,47,440,121725,43,25,46,2024-12-04,5,9.772727272727272,2589.8936170212764,9.361702127659576,27,7.0,83.42857142857143,38.0,4.5,0.0,2024-08-14,1,5,13,0,139.0,1,"['categorical__country_US', 'numeric__average_usage_per_event', 'categorical__industry_HealthTech']"
A-c70870,0.16646992007489642,16.6,Low,83.4,Priority 3 - Routine,Continue routine monitoring and maintain normal customer engagement.,Cybersecurity,US,2024-10-22,partner,Basic,31,0,7,1,1,Enterprise,170,33830,0,monthly,1,34,334,106338,18,23,34,2024-12-31,4,5.389221556886228,3127.5882352941176,9.823529411764708,0,5.0,105.8,35.6,4.0,0.0,2024-08-18,1,70,139,1,135.0,1,"['categorical__latest_plan_tier_Enterprise', 'numeric__days_since_last_usage', 'numeric__subscription_count']"
A-20736a,0.16593155358688252,16.6,Low,83.4,Priority 3 - Routine,Continue routine monitoring and maintain normal customer engagement.,EdTech,IN,2024-03-16,organic,Enterprise,50,0,7,1,1,Enterprise,50,9950,0,annual,1,42,430,108408,22,22,40,2024-12-29,5,5.116279069767442,2581.1428571428573,10.238095238095235,2,4.0,78.25,42.25,3.75,0.0,2024-12-14,1,290,0,0,17.0,1,"['categorical__latest_plan_tier_Enterprise', 'numeric__subscription_count', 'numeric__days_since_last_usage']"
A-6a4e2d,0.1614159837977597,16.1,Low,83.9,Priority 3 - Routine,Continue routine monitoring and maintain normal customer engagement.,EdTech,UK,2023-04-07,partner,Pro,9,0,11,1,1,Pro,14,686,0,annual,1,59,597,172764,31,27,59,2024-12-24,3,5.192629815745393,2928.2033898305085,10.11864406779661,7,2.0,141.0,18.5,4.5,1.0,2024-09-15,1,634,5,0,107.0,1,"['numeric__active_usage_days', 'numeric__customer_tenure_days', 'numeric__days_since_last_usage']"
A-956988,0.16130320811036017,16.1,Low,83.9,Priority 3 - Routine,Continue routine monitoring and maintain normal customer engagement.,EdTech,UK,2024-11-30,ads,Enterprise,1,0,13,0,1,Enterprise,32,6368,0,annual,1,70,658,173232,49,32,67,2024-12-24,8,7.446808510638298,2474.742857142857,9.4,7,2.0,118.0,50.5,3.0,0.0,2024-11-22,1,31,31,0,39.0,1,"['numeric__active_usage_days', 'categorical__latest_plan_tier_Enterprise', 'numeric__unique_features_used']"
A-d82ef9,0.16087094455638892,16.1,Low,83.9,Priority 3 - Routine,Continue routine monitoring and maintain normal customer engagement.,EdTech,UK,2024-07-02,other,Basic,26,1,14,1,1,Basic,26,494,0,monthly,1,68,679,194022,46,32,64,2024-12-29,5,6.774668630338733,2853.264705882353,9.985294117647058,2,5.0,91.6,39.8,4.25,1.0,2024-12-31,1,182,0,0,0.0,1,"['numeric__active_usage_days', 'numeric__unique_features_used', 'numeric__days_since_last_usage']"
A-cdf020,0.1577430556014102,15.8,Low,84.2,Priority 3 - Routine,Continue routine monitoring and maintain normal customer engagement.,DevTools,AU,2023-08-16,organic,Pro,23,0,8,1,0,Pro,44,2156,0,monthly,1,40,379,119522,18,25,39,2024-11-25,4,4.749340369393139,2988.05,9.475,36,4.0,39.25,29.5,4.0,0.0,2024-04-13,1,503,21,0,262.0,1,"['categorical__industry_DevTools', 'numeric__average_first_response_minutes', 'numeric__errors_per_100_usage']"
A-df1e44,0.1575293446657169,15.8,Low,84.2,Priority 3 - Routine,Continue routine monitoring and maintain normal customer engagement.,Cybersecurity,UK,2024-02-23,organic,Enterprise,12,0,11,1,1,Pro,12,588,0,monthly,1,42,420,122432,14,25,42,2024-12-09,5,3.333333333333333,2915.0476190476197,10.0,22,2.0,109.5,53.0,5.0,0.0,2024-11-22,1,312,0,1,39.0,1,"['numeric__errors_per_100_usage', 'numeric__plan_changed', 'numeric__latest_mrr']"
A-3d957b,0.15741437906544367,15.7,Low,84.3,Priority 3 - Routine,Continue routine monitoring and maintain normal customer engagement.,HealthTech,UK,2024-04-04,other,Pro,14,0,6,1,0,Enterprise,14,2786,0,annual,0,15,143,43699,13,13,15,2024-10-20,3,9.090909090909092,2913.266666666667,9.533333333333331,72,3.0,79.33333333333333,41.333333333333336,3.0,0.0,2024-03-05,1,271,0,1,301.0,1,"['numeric__subscription_count', 'categorical__latest_plan_tier_Enterprise', 'numeric__latest_auto_renew']"
A-417d2f,0.15719614655047312,15.7,Low,84.3,Priority 3 - Routine,Continue routine monitoring and maintain normal customer engagement.,Cybersecurity,IN,2023-07-04,partner,Pro,4,0,16,1,0,Pro,33,1617,0,monthly,1,71,722,206401,31,37,71,2024-12-11,8,4.293628808864266,2907.056338028169,10.169014084507042,20,6.0,80.5,43.5,4.333333333333333,0.0,2024-11-20,1,546,29,0,41.0,1,"['numeric__unique_features_used', 'numeric__active_usage_days', 'numeric__errors_per_100_usage']"
A-2e4581,0.1555534299424089,15.6,Low,84.4,Priority 3 - Routine,Continue routine monitoring and maintain normal customer engagement.,EdTech,US,2024-10-16,partner,Basic,9,0,10,1,0,Basic,44,836,0,monthly,1,55,535,152339,38,27,55,2024-12-10,4,7.102803738317758,2769.8,9.727272727272728,21,2.0,91.0,23.0,3.0,0.0,2024-12-10,1,76,35,0,21.0,1,"['categorical__country_US', 'numeric__active_usage_days', 'categorical__initial_plan_tier_Basic']"
A-f19b24,0.15433921564360578,15.4,Low,84.6,Priority 3 - Routine,Continue routine monitoring and maintain normal customer engagement.,Cybersecurity,US,2023-01-10,organic,Pro,29,0,3,0,0,Basic,29,551,0,monthly,1,12,119,46012,10,12,12,2024-11-03,0,8.403361344537815,3834.3333333333335,9.916666666666666,58,2.0,74.0,35.5,4.0,1.0,2024-01-22,1,721,0,1,344.0,1,"['numeric__subscription_count', 'categorical__country_US', 'numeric__beta_usage_events']"
A-337bc1,0.15379517678933471,15.4,Low,84.6,Priority 3 - Routine,Continue routine monitoring and maintain normal customer engagement.,Cybersecurity,US,2023-07-19,organic,Pro,30,0,7,1,1,Pro,30,0,1,annual,1,43,425,141115,34,27,41,2024-12-05,4,8.0,3281.7441860465115,9.883720930232558,26,4.0,62.75,32.5,4.0,1.0,2024-12-01,1,531,0,0,30.0,1,"['numeric__subscription_count', 'categorical__country_US', 'categorical__latest_billing_frequency_annual']"
A-87aa7b,0.15104173791004294,15.1,Low,84.9,Priority 3 - Routine,Continue routine monitoring and maintain normal customer engagement.,HealthTech,US,2024-05-16,organic,Pro,24,0,16,1,1,Pro,51,2499,0,monthly,1,72,742,210545,35,31,68,2024-12-26,6,4.716981132075472,2924.2361111111118,10.305555555555555,5,3.0,72.66666666666667,27.33333333333333,,1.0,2024-12-29,1,229,27,0,2.0,0,"['numeric__active_usage_days', 'categorical__country_US', 'numeric__errors_per_100_usage']"
A-8145a0,0.149831391943435,15.0,Low,85.0,Priority 3 - Routine,Continue routine monitoring and maintain normal customer engagement.,Cybersecurity,AU,2023-04-25,partner,Basic,2,0,12,1,0,Basic,15,285,0,monthly,1,64,693,200177,27,32,60,2024-12-26,5,3.896103896103896,3127.765625,10.828125,5,6.0,90.16666666666669,23.666666666666668,4.0,0.0,2024-10-26,1,616,13,0,66.0,1,"['numeric__errors_per_100_usage', 'numeric__unique_features_used', 'numeric__active_usage_days']"
A-432483,0.14352604933516555,14.4,Low,85.6,Priority 3 - Routine,Continue routine monitoring and maintain normal customer engagement.,Cybersecurity,US,2023-02-06,ads,Pro,4,0,9,1,0,Pro,31,1519,0,annual,1,45,451,151460,28,25,43,2024-12-12,4,6.208425720620843,3365.777777777778,10.022222222222222,19,1.0,128.0,51.0,,0.0,2024-09-20,1,694,27,0,102.0,0,"['categorical__country_US', 'numeric__customer_tenure_days', 'categorical__latest_billing_frequency_annual']"
A-39b19f,0.1406024057811464,14.1,Low,85.9,Priority 3 - Routine,Continue routine monitoring and maintain normal customer engagement.,FinTech,US,2023-02-03,partner,Enterprise,1,0,11,1,1,Basic,13,247,0,monthly,1,55,530,135061,37,30,52,2024-10-14,5,6.981132075471698,2455.6545454545453,9.636363636363637,78,6.0,87.5,47.833333333333336,4.25,1.0,2024-10-04,1,697,12,1,88.0,1,"['categorical__country_US', 'numeric__customer_tenure_days', 'numeric__plan_changed']"
A-39868b,0.13469379763414482,13.5,Low,86.5,Priority 3 - Routine,Continue routine monitoring and maintain normal customer engagement.,FinTech,AU,2024-03-17,partner,Pro,9,0,5,1,0,Basic,17,0,1,annual,0,28,305,106292,21,22,28,2024-12-14,5,6.885245901639345,3796.142857142857,10.892857142857142,17,6.0,100.83333333333331,39.0,4.25,0.0,2024-03-26,1,289,8,1,280.0,1,"['numeric__subscription_count', 'numeric__latest_auto_renew', 'numeric__plan_changed']"
A-b9eed8,0.13019541294079834,13.0,Low,87.0,Priority 3 - Routine,Continue routine monitoring and maintain normal customer engagement.,Cybersecurity,US,2024-02-23,organic,Basic,11,0,11,0,1,Basic,18,342,0,monthly,1,61,623,168474,55,29,58,2024-12-30,9,8.828250401284109,2761.8688524590166,10.21311475409836,1,5.0,103.8,29.2,3.75,1.0,2024-09-29,1,312,7,0,93.0,1,"['numeric__days_since_last_usage', 'categorical__country_US', 'numeric__active_usage_days']"
A-e60f9d,0.12808127852569562,12.8,Low,87.2,Priority 3 - Routine,Continue routine monitoring and maintain normal customer engagement.,FinTech,US,2024-08-26,other,Basic,29,0,15,0,1,Basic,38,722,0,annual,1,62,629,158587,24,30,62,2024-10-29,5,3.815580286168521,2557.8548387096776,10.14516129032258,63,2.0,106.5,70.5,,0.0,2024-02-09,1,127,9,0,326.0,0,"['numeric__errors_per_100_usage', 'numeric__active_usage_days', 'categorical__country_US']"
A-328bd0,0.12780659913014308,12.8,Low,87.2,Priority 3 - Routine,Continue routine monitoring and maintain normal customer engagement.,HealthTech,AU,2023-05-16,partner,Enterprise,18,0,13,1,1,Pro,18,882,0,annual,1,61,568,162210,49,30,59,2024-12-24,5,8.626760563380282,2659.1803278688526,9.311475409836063,7,5.0,68.2,46.0,3.6666666666666665,0.0,2024-09-06,1,595,0,1,116.0,1,"['numeric__active_usage_days', 'numeric__plan_changed', 'numeric__average_usage_per_event']"
A-700ade,0.12251832023204905,12.3,Low,87.7,Priority 3 - Routine,Continue routine monitoring and maintain normal customer engagement.,Cybersecurity,UK,2024-10-31,organic,Enterprise,1,0,8,0,0,Basic,50,950,0,monthly,0,29,284,85381,18,20,29,2024-10-12,2,6.338028169014084,2944.1724137931037,9.79310344827586,80,4.0,53.5,30.25,4.666666666666667,0.0,2024-11-03,1,61,49,1,58.0,1,"['numeric__latest_auto_renew', 'numeric__plan_changed', 'numeric__subscription_count']"
A-149a69,0.11467676972567925,11.5,Low,88.5,Priority 3 - Routine,Continue routine monitoring and maintain normal customer engagement.,DevTools,US,2024-10-17,event,Basic,34,0,3,0,0,Basic,34,646,0,monthly,1,18,208,59894,9,18,18,2024-08-17,1,4.326923076923077,3327.4444444444443,11.555555555555555,136,8.0,120.875,33.875,4.2,0.0,2024-10-19,1,75,0,0,73.0,1,"['numeric__subscription_count', 'categorical__industry_DevTools', 'categorical__referral_source_event']"
A-52dd88,0.10184118935409402,10.2,Low,89.8,Priority 3 - Routine,Continue routine monitoring and maintain normal customer engagement.,Cybersecurity,US,2023-02-21,ads,Pro,23,0,11,1,0,Pro,30,1470,0,annual,1,50,516,180823,33,28,49,2024-11-22,4,6.395348837209303,3616.46,10.32,39,1.0,111.0,72.0,,0.0,2023-12-14,1,679,7,0,383.0,0,"['categorical__country_US', 'numeric__customer_tenure_days', 'categorical__latest_billing_frequency_annual']"
A-50bb9f,0.10181424840479927,10.2,Low,89.8,Priority 3 - Routine,Continue routine monitoring and maintain normal customer engagement.,Cybersecurity,US,2024-07-12,organic,Pro,2,0,8,1,0,Pro,54,2646,0,annual,1,24,276,99328,15,18,24,2024-12-23,5,5.434782608695652,4138.666666666667,11.5,8,7.0,74.71428571428571,33.285714285714285,4.0,0.0,2024-08-17,1,172,52,0,136.0,1,"['categorical__country_US', 'numeric__subscription_count', 'numeric__average_duration_per_event']"
A-09316c,0.09323200088055218,9.3,Low,90.7,Priority 3 - Routine,Continue routine monitoring and maintain normal customer engagement.,FinTech,AU,2024-09-11,organic,Enterprise,70,0,11,1,0,Enterprise,70,13930,0,annual,1,54,566,149461,31,28,54,2024-12-27,5,5.477031802120141,2767.796296296296,10.48148148148148,4,4.0,106.25,54.75,3.75,1.0,2024-12-20,1,111,0,0,11.0,1,"['categorical__latest_plan_tier_Enterprise', 'numeric__days_since_last_usage', 'categorical__latest_billing_frequency_annual']"
A-34d880,0.09013379556455434,9.0,Low,91.0,Priority 3 - Routine,Continue routine monitoring and maintain normal customer engagement.,Cybersecurity,AU,2024-04-11,ads,Enterprise,4,0,9,0,0,Enterprise,5,995,0,monthly,1,47,474,144424,40,29,47,2024-12-13,3,8.438818565400844,3072.851063829787,10.085106382978724,18,5.0,90.8,52.2,3.0,0.0,2024-11-19,1,264,1,0,42.0,1,"['categorical__latest_plan_tier_Enterprise', 'numeric__ever_upgraded', 'numeric__ever_downgraded']"
A-524364,0.07308699509001329,7.3,Low,92.7,Priority 3 - Routine,Continue routine monitoring and maintain normal customer engagement.,DevTools,FR,2024-12-31,partner,Enterprise,3,0,6,0,0,Enterprise,3,0,1,monthly,1,26,237,72569,24,18,26,2024-09-23,2,10.126582278481012,2791.1153846153848,9.115384615384617,99,3.0,75.33333333333333,47.66666666666666,4.333333333333333,0.0,2024-10-25,1,0,0,0,67.0,1,"['categorical__industry_DevTools', 'categorical__country_FR', 'numeric__subscription_count']"
A-856b1e,0.052860194411802425,5.3,Low,94.7,Priority 3 - Routine,Continue routine monitoring and maintain normal customer engagement.,FinTech,US,2023-10-31,partner,Basic,19,0,6,1,0,Basic,19,0,1,monthly,1,23,230,63418,24,17,23,2024-12-07,4,10.434782608695652,2757.304347826087,10.0,24,5.0,79.4,36.0,,1.0,2024-09-15,1,427,0,0,107.0,0,"['numeric__subscription_count', 'categorical__country_US', 'numeric__total_usage_count']"
A-9a532a,0.0513354529236571,5.1,Low,94.9,Priority 3 - Routine,Continue routine monitoring and maintain normal customer engagement.,HealthTech,US,2024-07-06,partner,Enterprise,11,0,4,0,0,Enterprise,11,2189,0,monthly,1,18,185,75595,15,16,18,2024-10-21,4,8.108108108108109,4199.722222222223,10.27777777777778,71,2.0,128.5,57.5,,0.0,2023-09-12,1,178,0,0,476.0,0,"['numeric__subscription_count', 'categorical__latest_plan_tier_Enterprise', 'categorical__country_US']"
A-56962b,0.015469055482095161,1.5,Low,98.5,Priority 3 - Routine,Continue routine monitoring and maintain normal customer engagement.,EdTech,UK,2024-04-09,partner,Enterprise,163,0,7,1,0,Enterprise,163,32437,0,monthly,1,29,271,81944,25,16,28,2024-11-20,4,9.22509225092251,2825.655172413793,9.344827586206897,41,4.0,105.5,37.5,3.0,0.0,2024-02-19,1,266,0,0,316.0,1,"['categorical__latest_plan_tier_Enterprise', 'numeric__subscription_count', 'numeric__average_usage_per_event']"
